Event Index,Fréquence coin,Slope basse frequence,Intercept basse frequence,First PSD basse frequence,PSD requence coin,Slope haute frequence,Intercept haute frequence,Last PSD haute frequence,numero1
46,1.2000000000000002,-1.7752656209201272,-24.63404261535165,6.351258064355169e-11,1.9517099637181016e-11,-4.9564405669279195,-22.831186414341584,6.041140821340227e-16,46
