Event Index,Fréquence coin,Slope basse frequence,Intercept basse frequence,First PSD basse frequence,PSD requence coin,Slope haute frequence,Intercept haute frequence,Last PSD haute frequence,numero1
96,1.1500000000000001,-4.8680071968373015,-19.175545787180386,7.596384543150869e-08,1.0149446661381573e-09,-6.232056964213543,-18.85905299844942,1.8408307599290892e-14,96
