Event Index,Fréquence coin,Slope basse frequence,Intercept basse frequence,First PSD basse frequence,PSD requence coin,Slope haute frequence,Intercept haute frequence,Last PSD haute frequence,numero1
16,1.4000000000000001,-3.0989776219027596,-25.76257389818744,5.0523811169879704e-11,3.647287687944346e-12,-5.372648284045769,-23.729325730691826,1.0422243157654399e-16,16
