Event Index,Fréquence coin,Slope basse frequence,Intercept basse frequence,First PSD basse frequence,PSD requence coin,Slope haute frequence,Intercept haute frequence,Last PSD haute frequence,numero1
28,1.1500000000000001,-0.028248255019030655,-23.042056638862412,6.998738067763844e-11,1.4673938477250132e-10,-4.564733354324893,-21.55820139346323,1.733704508831492e-14,28
