Event Index,Fréquence coin,Slope basse frequence,Intercept basse frequence,First PSD basse frequence,PSD requence coin,Slope haute frequence,Intercept haute frequence,Last PSD haute frequence,numero1
85,1.1500000000000001,-3.2471166429183653,-21.8596891916495,3.848835903460551e-09,5.512130511451985e-10,-4.520776945335072,-19.75661441134676,1.4368286929172883e-14,85
