Event Index,Fréquence coin,Slope basse frequence,Intercept basse frequence,First PSD basse frequence,PSD requence coin,Slope haute frequence,Intercept haute frequence,Last PSD haute frequence,numero1
49,1.6500000000000001,-3.449409641060424,-29.417683628999395,7.312828638073466e-13,1.345828742386997e-13,-5.946036698943725,-27.05646304848308,3.506490962278369e-18,49
