Event Index,Fréquence coin,Slope basse frequence,Intercept basse frequence,First PSD basse frequence,PSD requence coin,Slope haute frequence,Intercept haute frequence,Last PSD haute frequence,numero1
56,1.1500000000000001,-3.5112319836635972,-27.17385590982767,1.4349204049100007e-11,3.629925280606785e-12,-5.880281202206234,-25.916632249898846,5.795381008231747e-18,56
