Event Index,Fréquence coin,Slope basse frequence,Intercept basse frequence,First PSD basse frequence,PSD requence coin,Slope haute frequence,Intercept haute frequence,Last PSD haute frequence,numero1
41,1.2000000000000002,-5.298829659265181,-32.04120315867203,3.9465779116841303e-13,4.295187785508888e-15,-3.6519544665014494,-32.92943847593193,9.19455571231417e-19,41
