Event Index,Fréquence coin,Slope basse frequence,Intercept basse frequence,First PSD basse frequence,PSD requence coin,Slope haute frequence,Intercept haute frequence,Last PSD haute frequence,numero1
25,1.1500000000000001,-4.880451135777986,-26.58097144774303,7.242071429734902e-11,1.0176883322865007e-12,-4.794673277535645,-26.82848155204157,4.283724469820991e-17,25
