Event Index,Fréquence coin,Slope basse frequence,Intercept basse frequence,First PSD basse frequence,PSD requence coin,Slope haute frequence,Intercept haute frequence,Last PSD haute frequence,numero1
40,1.4000000000000001,-0.49550336989379556,-21.39766269498957,1.014855416449469e-09,8.730710791501919e-10,-3.7442637846735964,-19.170960860916935,4.387718479655305e-13,40
