Event Index,Fréquence coin,Slope basse frequence,Intercept basse frequence,First PSD basse frequence,PSD requence coin,Slope haute frequence,Intercept haute frequence,Last PSD haute frequence,numero1
38,1.1500000000000001,-6.383717836398176,-30.701972584862848,8.082395680262374e-13,2.1291332928074916e-14,-5.6254630313641645,-29.372291822785076,7.933299464142075e-19,38
