Event Index,Fréquence coin,Slope basse frequence,Intercept basse frequence,First PSD basse frequence,PSD requence coin,Slope haute frequence,Intercept haute frequence,Last PSD haute frequence,numero1
36,1.4500000000000002,-2.900539527398623,-24.345988898694,5.369985591024148e-11,2.4971787534510392e-11,-5.993184365330962,-22.445442761612593,1.7747731370163629e-16,36
