Event Index,Fréquence coin,Slope basse frequence,Intercept basse frequence,First PSD basse frequence,PSD requence coin,Slope haute frequence,Intercept haute frequence,Last PSD haute frequence,numero1
64,1.1500000000000001,-5.320146834739959,-31.096484304978294,1.1850248774177448e-12,8.117014322173003e-15,-4.8841640541023175,-32.03624613277532,3.479339883641108e-19,64
