Event Index,Fréquence coin,Slope basse frequence,Intercept basse frequence,First PSD basse frequence,PSD requence coin,Slope haute frequence,Intercept haute frequence,Last PSD haute frequence,numero1
47,1.1500000000000001,-3.6837370230857287,-28.987559097304928,2.0190505008817825e-12,3.2573912506336225e-13,-4.996067599090072,-27.617781640925887,2.1522696692083184e-18,47
