Event Index,Fréquence coin,Slope basse frequence,Intercept basse frequence,First PSD basse frequence,PSD requence coin,Slope haute frequence,Intercept haute frequence,Last PSD haute frequence,numero1
42,1.1500000000000001,0.2838798501052976,-22.66436220221642,3.027404384162057e-11,1.9348563696909525e-11,-5.052638639812148,-20.943261720816345,7.221853092547016e-15,42
