Event Index,Fréquence coin,Slope basse frequence,Intercept basse frequence,First PSD basse frequence,PSD requence coin,Slope haute frequence,Intercept haute frequence,Last PSD haute frequence,numero1
43,1.1500000000000001,-1.2018804017908915,-21.29922729111221,1.6596362332488571e-09,1.4280269773738989e-10,-3.570616030317586,-22.272414208455572,3.377694619154473e-14,43
