Event Index,Fréquence coin,Slope basse frequence,Intercept basse frequence,First PSD basse frequence,PSD requence coin,Slope haute frequence,Intercept haute frequence,Last PSD haute frequence,numero1
113,1.4000000000000001,-4.777402941607502,-26.151295165919386,3.15436682116692e-11,1.8152865428726625e-12,-4.993832246694174,-26.728854283917677,3.016470658152146e-17,113
