Event Index,Fréquence coin,Slope basse frequence,Intercept basse frequence,First PSD basse frequence,PSD requence coin,Slope haute frequence,Intercept haute frequence,Last PSD haute frequence,numero1
110,1.1500000000000001,-2.622452760522106,-20.384968553014055,3.83531522976908e-09,2.0783406551070248e-10,-4.717197194499819,-20.434291060140424,5.1860503225032914e-14,110
