event_index,numero,distance,skewness,area_of_the_energy_parabola,energy_max,Impulsion
1649,1649,115.0411458105112,0.4252776693447948,2.1953102587952402e-11,4.625734319095817e-13,1.442247516077635e-14
