event_index,numero,distance,skewness,area_of_the_energy_parabola,energy_max,Impulsion
1999,1999,107.62147787844901,0.8576789246161046,2.1009025251169086e-11,5.266100460230834e-13,7.148424938144157e-15
