event_index,numero,distance,skewness,area_of_the_energy_parabola,energy_max,Impulsion
22,22,446.4220011015065,1.7105398879041738,2.817164971937689e-09,6.99623980620215e-11,1.5154842332194192e-12
