event_index,numero,distance,skewness,area_of_the_energy_parabola,energy_max,Impulsion
1789,1789,62.26398738980298,1.742765198189831,2.7851456377932827e-13,9.556001175956871e-15,2.7122454679443715e-16
