event_index,numero,distance,skewness,area_of_the_energy_parabola,energy_max,Impulsion
1405,1405,113.84550576236079,1.164053261527687,7.539227729294481e-11,1.876793407878959e-12,4.969069902148415e-14
