event_index,numero,distance,skewness,area_of_the_energy_parabola,energy_max,Impulsion
1203,1203,115.22629720155196,1.7164404394014396,1.0889429122741999e-11,3.410116914173888e-13,6.835168519118131e-15
