event_index,numero,distance,skewness,area_of_the_energy_parabola,energy_max,Impulsion,Signal duration
1352,1352,159.23118789034712,0.27616396819902433,1.7244658359504192e-07,1.371820425490169e-09,1.5362044350912456e-11,268.0
