event_index,numero,distance,skewness,area_of_the_energy_parabola,energy_max,Impulsion
653,653,493.07722672048976,0.6747854514704571,4.4836644632172063e-10,8.663957516458867e-12,1.7730554177393923e-13
