event_index,numero,distance,skewness,area_of_the_energy_parabola,energy_max,Impulsion
1727,1727,99.95461447657709,-0.27395660449911746,2.0712917336380563e-11,1.2225622522448017e-12,8.359106769050824e-14
