event_index,numero,distance,skewness,area_of_the_energy_parabola,energy_max,Impulsion
1953,1953,103.51135946772733,1.2950970817270802,2.8252840763108796e-11,8.403906139358943e-13,2.1295618443552608e-14
