event_index,numero,distance,skewness,area_of_the_energy_parabola,energy_max,Impulsion
1454,1454,116.18345783064696,0.880514026373707,8.220445108985233e-12,2.2218934054929617e-13,3.9376280023638545e-15
