event_index,numero,distance,skewness,area_of_the_energy_parabola,energy_max,Impulsion
2021,2021,102.1583945292179,1.3790116029605424,6.03884529383236e-11,1.7679281863234486e-12,4.977225771672416e-14
