event_index,numero,distance,skewness,area_of_the_energy_parabola,energy_max,Impulsion,Signal duration
1411,1411,103.85165488665263,0.09906023482315204,1.5304935072107736e-08,2.7158866097229913e-10,5.784597778489316e-12,114.0
