event_index,numero,distance,skewness,area_of_the_energy_parabola,energy_max,Impulsion
493,493,179.31749388986952,1.2589955028013127,0.0006196982288598764,1.4688918231285016e-05,6.99967719783488e-07
