event_index,numero,distance,skewness,area_of_the_energy_parabola,energy_max,Impulsion
8,8,452.1193703255738,0.9371002599841812,1.4598412263662203e-07,3.2760126677754204e-09,7.776528667705715e-11
