event_index,numero,distance,skewness,area_of_the_energy_parabola,energy_max,Impulsion
1392,1392,53.3924536017339,1.2070876978804177,1.6825981859700703e-11,5.91231407516288e-13,2.862160511434346e-14
