event_index,numero,distance,skewness,area_of_the_energy_parabola,energy_max,Impulsion
1787,1787,112.64960512876854,1.3466441254393386,6.672923490783347e-11,2.223348091223128e-12,3.962118858685502e-14
