event_index,numero,distance,skewness,area_of_the_energy_parabola,energy_max,Impulsion
1306,1306,118.94246082426838,0.784966522162862,3.39744147177226e-11,9.805347289931673e-13,1.3401780829848168e-14
