event_index,numero,distance,skewness,area_of_the_energy_parabola,energy_max,Impulsion
1990,1990,117.64504210925493,0.6720666690145821,1.8065634391558527e-11,3.5952156222617137e-13,4.467766054633771e-15
