event_index,numero,distance,skewness,area_of_the_energy_parabola,energy_max,Impulsion
1967,1967,21.448304821907552,0.0633028569016688,1.7956378767015223e-10,4.874746708998316e-12,2.2541008730791189e-13
