event_index,numero,distance,skewness,area_of_the_energy_parabola,energy_max,Impulsion
1747,1747,108.45005696054308,0.9067490929966182,2.1655511713555742e-11,6.36354353113161e-13,1.4391697813990426e-14
