event_index,numero,distance,skewness,area_of_the_energy_parabola,energy_max,Impulsion
1512,1512,117.85568129231243,0.25036878175752203,2.0573631572302864e-11,3.610179927008923e-13,8.879001413665823e-15
