event_index,numero,distance,skewness,area_of_the_energy_parabola,energy_max,Impulsion
1950,1950,110.63633992375193,0.47398542200371596,3.348397757307035e-11,6.329611698285421e-13,7.031164900827864e-15
