event_index,numero,distance,skewness,area_of_the_energy_parabola,energy_max,Impulsion
1254,1254,108.77396787504236,0.30321596026575903,5.213531652502984e-12,9.074049830357177e-14,1.013689842080743e-15
