event_index,numero,distance,skewness,area_of_the_energy_parabola,energy_max,Impulsion
1511,1511,101.41761764604504,0.5414290730546099,2.7237586779305245e-10,5.8489891240942235e-12,6.012073794734052e-14
