event_index,numero,distance,skewness,area_of_the_energy_parabola,energy_max,Impulsion
1773,1773,96.23716903753034,-1.3651662096615849,2.6184911452134068e-11,1.5520235056181674e-12,1.0794342399195889e-13
