event_index,numero,distance,skewness,area_of_the_energy_parabola,energy_max,Impulsion
1159,1159,112.94635278518297,1.7720271768361444,9.144507296419763e-12,2.7169773445764445e-13,5.454419933730657e-15
