event_index,numero,distance,skewness,area_of_the_energy_parabola,energy_max,Impulsion
1974,1974,104.41640085785686,-0.6732996962790051,6.707659573992215e-12,3.9603078227074625e-13,2.4185246574906678e-14
