event_index,numero,distance,skewness,area_of_the_energy_parabola,energy_max,Impulsion
155,155,314.75471248440607,1.4451143815736347,1.1772297981738622e-06,2.3810331784006032e-08,3.219836602308266e-10
