event_index,numero,distance,skewness,area_of_the_energy_parabola,energy_max,Impulsion
212,212,72.38184575915278,1.1895841613988936,1.7682595398145982e-07,2.6367949137821056e-09,1.2226760720397556e-10
