event_index,numero,distance,skewness,area_of_the_energy_parabola,energy_max,Impulsion
1099,1099,109.88455178855284,0.7206579022080397,2.242447696362132e-12,6.078406328211013e-14,8.792794249199712e-16
