event_index,numero,distance,skewness,area_of_the_energy_parabola,energy_max,Impulsion
270,270,143.52697736567947,0.5992059596855454,2.6000862822384464e-06,7.319912686903115e-08,2.0634702373371637e-09
