event_index,numero,distance,skewness,area_of_the_energy_parabola,energy_max,Impulsion
1330,1330,112.07559159357612,0.21345245800275522,2.2653820966930882e-11,4.367313970219419e-13,5.867824880494161e-15
