event_index,numero,distance,skewness,area_of_the_energy_parabola,energy_max,Impulsion
1041,1041,107.84165369670465,0.9422989123023324,1.3364423397069597e-11,3.0890402305242827e-13,6.986611041157975e-15
