event_index,numero,distance,skewness,area_of_the_energy_parabola,energy_max,Impulsion
1740,1740,109.5902456996533,-0.8216632683211896,8.090655071634573e-12,4.903503038629486e-13,2.1904539619251926e-14
