event_index,numero,distance,skewness,area_of_the_energy_parabola,energy_max,Impulsion
1125,1125,128.07207860174267,0.7084026057910537,2.0693071879503448e-11,5.522637402307105e-13,7.358190639700778e-15
