event_index,numero,distance,skewness,area_of_the_energy_parabola,energy_max,Impulsion
185,185,104.67862789644239,1.121897141139694,1.0480081207310319e-05,4.2552718323257404e-07,2.2497837658296267e-08
