event_index,numero,distance,skewness,area_of_the_energy_parabola,energy_max,Impulsion
587,587,300.6434010650838,1.1678276988679552,4.4887974005874154e-10,6.1188861414605264e-12,7.585870052998228e-14
