event_index,numero,distance,skewness,area_of_the_energy_parabola,energy_max,Impulsion
1639,1639,300.23342136528777,1.6008765837589196,7.419452038210358e-11,1.3319501761767732e-12,5.6948497017886655e-15
