event_index,numero,distance,skewness,area_of_the_energy_parabola,energy_max,Impulsion
307,307,0.5085028845038898,1.0602053231201198,4.4837807680622873e-07,2.0229332021348885e-08,1.2062715230293566e-09
