event_index,numero,distance,skewness,area_of_the_energy_parabola,energy_max,Impulsion
1546,1546,92.29434006430567,-0.3589044331372367,1.9395415117849567e-11,1.1713647047250033e-12,6.203215471181727e-14
