event_index,numero,distance,skewness,area_of_the_energy_parabola,energy_max,Impulsion
440,440,239.2752272925257,0.5882836361875088,7.187403163279355e-07,8.675472699083735e-09,1.0153548726855727e-10
