event_index,numero,distance,skewness,area_of_the_energy_parabola,energy_max,Impulsion
1437,1437,182.84131649167634,0.2537984844098264,2.0792487120090765e-12,3.149050678436452e-14,7.118548331969456e-16
