event_index,numero,distance,skewness,area_of_the_energy_parabola,energy_max,Impulsion
1495,1495,112.9930492409574,1.5298862612346398,2.782433078230999e-12,8.269254716864723e-14,1.6317613131091188e-15
