event_index,numero,distance,skewness,area_of_the_energy_parabola,energy_max,Impulsion
1759,1759,94.07745268569882,-0.20552810437048458,3.697775130800235e-11,2.2237020010114434e-12,1.1988896580725998e-13
