event_index,numero,distance,skewness,area_of_the_energy_parabola,energy_max,Impulsion
1894,1894,52.643430857172014,1.0927889467680751,1.5192332968941437e-11,5.445266871244009e-13,2.830108535610133e-14
