event_index,numero,distance,skewness,area_of_the_energy_parabola,energy_max,Impulsion
1922,1922,99.39665074561883,-0.4178140836805937,1.0749665645492808e-11,6.435752677275947e-13,3.323332513216901e-14
