event_index,numero,distance,skewness,area_of_the_energy_parabola,energy_max,Impulsion
706,706,220.39421390453464,0.6347267222155181,7.675161441292932e-15,4.038930018495653e-16,2.4628156794470754e-17
