event_index,numero,distance,skewness,area_of_the_energy_parabola,energy_max,Impulsion,Signal duration
1556,1556,216.63787137336584,0.21959368337552537,3.5643117107169328e-09,5.436083957871743e-11,9.637397959214692e-13,142.0
