event_index,numero,distance,skewness,area_of_the_energy_parabola,energy_max,Impulsion
1738,1738,106.80467279914684,1.3413872151307749,2.0054825598202257e-11,5.858493971396567e-13,1.002376672911796e-14
