event_index,numero,distance,skewness,area_of_the_energy_parabola,energy_max,Impulsion
1265,1265,109.04362928774702,0.9175841418585303,8.381938250316985e-12,1.9082167810752942e-13,2.5251329711965524e-15
