event_index,numero,distance,skewness,area_of_the_energy_parabola,energy_max,Impulsion
1997,1997,91.09643944618377,-0.4404138377289007,3.019689257690024e-11,1.7901732294677706e-12,1.2112533736603309e-13
