event_index,numero,distance,skewness,area_of_the_energy_parabola,energy_max,Impulsion
1970,1970,114.4249946081793,1.723484418964593,1.63315857416303e-12,5.892820139544686e-14,1.6802084196945407e-15
