event_index,numero,distance,skewness,area_of_the_energy_parabola,energy_max,Impulsion
1410,1410,61.24044116606476,0.9518203655793177,2.44631943809243e-11,6.901842274139802e-13,1.939023135960807e-14
