event_index,numero,distance,skewness,area_of_the_energy_parabola,energy_max,Impulsion
750,750,256.72222897214124,0.965627511203998,2.1463211414633815e-07,3.4504200952107357e-09,5.3506007549462057e-11
