event_index,numero,distance,skewness,area_of_the_energy_parabola,energy_max,Impulsion
1798,1798,104.56980070812031,1.1653331723350657,1.6625778993287159e-10,4.593507657476456e-12,4.977793768053864e-14
