event_index,numero,distance,skewness,area_of_the_energy_parabola,energy_max,Impulsion
1758,1758,103.10272239221193,1.6858992338036882,1.602186404100937e-11,6.098627509996737e-13,2.916229576921908e-14
