event_index,numero,distance,skewness,area_of_the_energy_parabola,energy_max,Impulsion,Signal duration
1899,1899,90.76364999580191,0.9856708705514278,1.3106522557658594e-06,5.4781176363993e-08,2.4161354844229993e-09,66.0
