event_index,numero,distance,skewness,area_of_the_energy_parabola,energy_max,Impulsion
617,617,154.6064894065292,1.0958744198080992,6.956599401204839e-07,2.9138369971258006e-08,1.6793733642524826e-09
