event_index,numero,distance,skewness,area_of_the_energy_parabola,energy_max,Impulsion
1665,1665,87.4240781198738,-0.24396606544713356,2.768250045469603e-11,1.653444757505186e-12,1.01648502836954e-13
