event_index,numero,distance,skewness,area_of_the_energy_parabola,energy_max,Impulsion
1742,1742,108.02466420724971,-0.6285954404028546,1.0438056111682631e-11,6.151454579094706e-13,4.296499157651948e-14
