event_index,numero,distance,skewness,area_of_the_energy_parabola,energy_max,Impulsion
1462,1462,103.92584132305672,-0.9056032753938146,1.3344941327424918e-11,7.92407615810848e-13,4.8310301894854864e-14
