event_index,numero,distance,skewness,area_of_the_energy_parabola,energy_max,Impulsion
1474,1474,114.92416843858476,1.3986780330599216,6.997226283881299e-11,1.930414253158266e-12,1.1297532910901047e-13
