event_index,numero,distance,skewness,area_of_the_energy_parabola,energy_max,Impulsion
1633,1633,114.22039456140487,0.7348508554716406,4.856820514113813e-11,1.0361253066934482e-12,2.4229998241902863e-14
