event_index,numero,distance,skewness,area_of_the_energy_parabola,energy_max,Impulsion
1537,1537,115.26507558984231,1.5912067647268222,4.621987778485893e-11,1.2271073168998957e-12,2.670219420507512e-14
