event_index,numero,distance,skewness,area_of_the_energy_parabola,energy_max,Impulsion
604,604,67.56807402928455,1.1576381799859674,6.2637719138400815e-06,3.0310969931002823e-07,1.824033663879293e-08
