event_index,numero,distance,skewness,area_of_the_energy_parabola,energy_max,Impulsion
1394,1394,55.22106737613875,1.2685163948151879,1.7322267350990936e-11,5.685220002629457e-13,2.696782552467454e-14
