event_index,numero,distance,skewness,area_of_the_energy_parabola,energy_max,Impulsion
651,651,152.15869162701452,0.6557956284643423,2.9498062442371785e-08,3.8270137954970405e-10,1.1662110171182625e-11
