event_index,numero,distance,skewness,area_of_the_energy_parabola,energy_max,Impulsion
1028,1028,122.75006902060844,0.5829674232792054,2.638507535244554e-11,5.442481993122776e-13,1.5897802646070406e-14
