event_index,numero,distance,skewness,area_of_the_energy_parabola,energy_max,Impulsion
1777,1777,110.84561588343338,1.0259471997191543,9.109685284197172e-12,2.828934306141869e-13,5.62255886965455e-15
