event_index,numero,distance,skewness,area_of_the_energy_parabola,energy_max,Impulsion
1075,1075,115.57618086600746,0.5425000787277251,2.878952664246554e-11,5.817652638212242e-13,1.3721291563686741e-14
