event_index,numero,distance,skewness,area_of_the_energy_parabola,energy_max,Impulsion
1554,1554,103.53256533783333,1.2017456772090416,1.4008902553802197e-13,1.904712583878848e-15,2.971098937834331e-17
