event_index,numero,distance,skewness,area_of_the_energy_parabola,energy_max,Impulsion
1724,1724,102.23753970396778,-0.8783915062937533,2.31037486552531e-11,1.3881181265444406e-12,7.444077632646008e-14
