event_index,numero,distance,skewness,area_of_the_energy_parabola,energy_max,Impulsion
1722,1722,106.25514948500482,0.9926602445819238,1.7520338906745755e-11,4.246923677905421e-13,9.661173258646782e-15
