event_index,numero,distance,skewness,area_of_the_energy_parabola,energy_max,Impulsion
1720,1720,118.51395632886857,1.4009394568493287,4.0586928728540484e-11,1.0293364585185866e-12,1.1393492722913462e-14
