event_index,numero,distance,skewness,area_of_the_energy_parabola,energy_max,Impulsion
1144,1144,128.44435713300075,0.13895746122503638,2.1255144154861684e-13,2.6050777053062675e-15,2.1782245536408168e-17
