event_index,numero,distance,skewness,area_of_the_energy_parabola,energy_max,Impulsion
577,577,335.00201429339046,1.0324181547808222,1.9149598261099198e-10,2.42208437324187e-12,3.560530526151951e-14
