event_index,numero,distance,skewness,area_of_the_energy_parabola,energy_max,Impulsion
975,975,91.53323495112548,0.37139413610898603,0.0001767508348592889,3.3662240525052883e-06,5.560676882817674e-08
