event_index,numero,distance,skewness,area_of_the_energy_parabola,energy_max,Impulsion
1475,1475,115.16886762462234,1.0449043657586956,2.994888025308704e-11,1.388856905204484e-12,7.48338455851973e-14
