event_index,numero,distance,skewness,area_of_the_energy_parabola,energy_max,Impulsion
1526,1526,113.78668417544704,0.8110028587728022,3.639776645564774e-11,7.858856484900666e-13,9.393070003380712e-15
