event_index,numero,distance,skewness,area_of_the_energy_parabola,energy_max,Impulsion
1948,1948,117.74900074371388,0.9231620323164571,4.502497071519599e-11,1.3823444238796829e-12,1.9047255935985282e-14
