event_index,numero,distance,skewness,area_of_the_energy_parabola,energy_max,Impulsion
1393,1393,54.24626479664461,1.1866726323642651,1.2925094870590215e-11,4.2915558555631997e-13,2.1305202703217437e-14
