event_index,numero,distance,skewness,area_of_the_energy_parabola,energy_max,Impulsion
1324,1324,115.97950425557303,0.8152715534183638,4.100385910486567e-11,8.765006207764683e-13,2.5799540403491e-14
