event_index,numero,distance,skewness,area_of_the_energy_parabola,energy_max,Impulsion
1137,1137,34.19622539126118,0.7719661766972892,2.6454253642555626e-09,1.357998455040881e-10,6.559607732510544e-12
