event_index,numero,distance,skewness,area_of_the_energy_parabola,energy_max,Impulsion
1568,1568,131.41657481018322,1.430012469498205,5.456042136103475e-11,1.8032446549854688e-12,2.1761895451835027e-14
