event_index,numero,distance,skewness,area_of_the_energy_parabola,energy_max,Impulsion
1784,1784,186.80286331839565,1.8112464319353727,4.04425406903264e-11,7.382652602274241e-13,3.4962383770114964e-15
