event_index,numero,distance,skewness,area_of_the_energy_parabola,energy_max,Impulsion
420,420,326.45812491856566,1.3863976731555034,2.375541826601933e-06,1.0906025166815398e-07,4.087546549148168e-09
