event_index,numero,distance,skewness,area_of_the_energy_parabola,energy_max,Impulsion
815,815,151.80674310544595,0.7442902657944774,1.2101282832137505e-06,2.6954373416005307e-08,5.30225865061261e-10
