event_index,numero,distance,skewness,area_of_the_energy_parabola,energy_max,Impulsion
913,913,186.1834010750449,0.8558082525681571,3.356462010089604e-09,4.3534779741756213e-11,1.0404843498781497e-12
