event_index,numero,distance,skewness,area_of_the_energy_parabola,energy_max,Impulsion
619,619,135.32662642024982,1.2186138980956798,5.55911236431487e-07,1.9130444855376747e-08,6.046038368610328e-10
