event_index,numero,distance,skewness,area_of_the_energy_parabola,energy_max,Impulsion
621,621,359.0886486864994,1.9381325877499564,3.2390129677916293e-08,9.738715770822737e-10,3.587129853841297e-11
