event_index,numero,distance,skewness,area_of_the_energy_parabola,energy_max,Impulsion
1521,1521,105.42670060687131,1.0632205008162205,4.522541049501875e-12,1.2625236950700483e-13,1.6792441910322096e-15
