event_index,numero,distance,skewness,area_of_the_energy_parabola,energy_max,Impulsion
1496,1496,99.42319535302543,1.3095486640444824,4.9942744681754886e-12,1.580757221727396e-13,2.7248229074415665e-15
