event_index,numero,distance,skewness,area_of_the_energy_parabola,energy_max,Impulsion
1822,1822,109.08989128911263,0.33763553020060105,1.2962903713446015e-11,2.689479642263881e-13,5.769081147423709e-15
