event_index,numero,distance,skewness,area_of_the_energy_parabola,energy_max,Impulsion
392,392,120.76396405287504,1.2434498120780222,5.852398431150619e-07,1.627382647675806e-08,4.0750686044704603e-10
