event_index,numero,distance,skewness,area_of_the_energy_parabola,energy_max,Impulsion
1225,1225,112.20804335744505,0.7835156298076494,2.9900395929796164e-11,1.1639225967893488e-12,5.0491727034701214e-14
