event_index,numero,distance,skewness,area_of_the_energy_parabola,energy_max,Impulsion
373,373,92.72395238949517,2.9943696419057573,3.540120749582826e-08,1.1989595689547412e-09,4.4273654874860203e-11
