event_index,numero,distance,skewness,area_of_the_energy_parabola,energy_max,Impulsion
388,388,180.53427688723494,0.2874222450686054,4.81032171471037e-07,7.211946715442218e-09,1.1037553313086356e-10
