event_index,numero,distance,skewness,area_of_the_energy_parabola,energy_max,Impulsion
216,216,323.1315637838646,1.436658022781384,1.2508358813331702e-06,3.546580826200595e-08,8.908353881063234e-10
