event_index,numero,distance,skewness,area_of_the_energy_parabola,energy_max,Impulsion
1952,1952,94.73479747729418,-0.36388214183452644,3.2848851959640925e-11,1.9778838388526683e-12,1.0228136062118559e-13
