event_index,numero,distance,skewness,area_of_the_energy_parabola,energy_max,Impulsion
1539,1539,90.77935544014069,0.0437520059333349,2.3874012734298996e-11,1.4367026836993344e-12,8.342561294470274e-14
