event_index,numero,distance,skewness,area_of_the_energy_parabola,energy_max,Impulsion
1361,1361,113.46060250181124,0.915560484006424,6.330604188482341e-11,1.778882062268397e-12,3.413051878674479e-14
