event_index,numero,distance,skewness,area_of_the_energy_parabola,energy_max,Impulsion
1942,1942,188.3051239653041,1.4680856005759282,1.1142922399003343e-12,1.645927221655201e-14,4.002527147979806e-16
