event_index,numero,distance,skewness,area_of_the_energy_parabola,energy_max,Impulsion
1608,1608,111.67307136446568,0.135676485174927,2.3108482342267977e-11,3.8690489990202166e-13,7.8291832743167e-15
