event_index,numero,distance,skewness,area_of_the_energy_parabola,energy_max,Impulsion
1520,1520,9.054263926345305,0.2849129506855754,6.363125901239217e-09,3.498093580688006e-10,2.3508495156379695e-11
