event_index,numero,distance,skewness,area_of_the_energy_parabola,energy_max,Impulsion
1045,1045,107.79491601796927,0.6815221198057766,2.2464053452253878e-11,5.430377954319845e-13,9.240838840010095e-15
