event_index,numero,distance,skewness,area_of_the_energy_parabola,energy_max,Impulsion
1504,1504,104.37659460716512,1.1495048755389001,4.085823426875329e-12,1.0951145728316586e-13,1.1665125947960327e-15
