event_index,numero,distance,skewness,area_of_the_energy_parabola,energy_max,Impulsion
467,467,186.3946971694294,0.23862103827872028,0.0010825138068469918,2.1890179352404804e-05,7.918354185601714e-07
