event_index,numero,distance,skewness,area_of_the_energy_parabola,energy_max,Impulsion
1839,1839,56.54420957130593,1.2284660959822375,6.619149105584502e-12,2.1516072692863653e-13,1.033340255918993e-14
