event_index,numero,distance,skewness,area_of_the_energy_parabola,energy_max,Impulsion
752,752,11.999423182119314,0.7813561500669904,6.739950654620052e-10,1.1714253065554872e-11,2.601670777111453e-13
