event_index,numero,distance,skewness,area_of_the_energy_parabola,energy_max,Impulsion
585,585,201.5277626145332,0.363198557278938,0.00010050052943360248,1.7711792411859945e-06,5.9058391805190645e-08
