event_index,numero,distance,skewness,area_of_the_energy_parabola,energy_max,Impulsion
763,763,51.11281168858835,1.2675264421756365,7.67425159676631e-18,7.114241831015097e-20,6.52812883174053e-22
