event_index,numero,distance,skewness,area_of_the_energy_parabola,energy_max,Impulsion,Signal duration
1866,1866,19.36548797861064,0.7199099437791899,5.419599138883478e-10,2.854160175751677e-11,1.3974616156158715e-12,54.0
