event_index,numero,distance,skewness,area_of_the_energy_parabola,energy_max,Impulsion
969,969,28.12116710544126,0.4992720746561518,0.0002555220181987245,8.01484254741762e-06,3.2151001281540364e-07
