event_index,numero,distance,skewness,area_of_the_energy_parabola,energy_max,Impulsion
1847,1847,51.92195003961651,0.8326091148900048,7.58712668661394e-12,2.5241748215437024e-13,1.1117101599678765e-14
