event_index,numero,distance,skewness,area_of_the_energy_parabola,energy_max,Impulsion
1650,1650,130.31404842266537,1.6576548251909853,7.508739895516999e-12,2.5786402817823266e-13,3.086639861389166e-15
