event_index,numero,distance,skewness,area_of_the_energy_parabola,energy_max,Impulsion
1678,1678,91.73996315194894,0.9642280375800103,3.093029033876633e-12,1.7382622392944923e-13,1.062969496170073e-14
