event_index,numero,distance,skewness,area_of_the_energy_parabola,energy_max,Impulsion
1644,1644,123.84997758366072,1.6240385831766753,1.8484851092360188e-11,6.669946172745859e-13,8.461307011480186e-15
