event_index,numero,distance,skewness,area_of_the_energy_parabola,energy_max,Impulsion
1470,1470,89.18874274826558,0.4823672797184356,5.7051744757696444e-11,1.0425867669268914e-12,8.86008797406379e-15
