event_index,numero,distance,skewness,area_of_the_energy_parabola,energy_max,Impulsion
1112,1112,106.97358967333314,0.4167395116015689,5.334421816997504e-12,9.894017365419919e-14,1.2256029096036468e-15
