event_index,numero,distance,skewness,area_of_the_energy_parabola,energy_max,Impulsion
545,545,210.87725641688425,1.0796021965808706,3.133553663307363e-07,6.760238492336281e-09,1.43528399215656e-10
