event_index,numero,distance,skewness,area_of_the_energy_parabola,energy_max,Impulsion
1837,1837,92.57283344939901,-1.6181268952356542,1.996578984202495e-11,1.2249173366080342e-12,7.636697915164974e-14
