event_index,numero,distance,skewness,area_of_the_energy_parabola,energy_max,Impulsion
1911,1911,128.45726179759163,0.48336864365651544,4.974586714814139e-12,9.54489975814902e-14,1.0327779287875787e-15
