event_index,numero,distance,skewness,area_of_the_energy_parabola,energy_max,Impulsion
1728,1728,107.174957119641,0.5195219004147077,3.893373442764978e-11,1.3584647287270284e-12,5.430738781717336e-14
