event_index,numero,distance,skewness,area_of_the_energy_parabola,energy_max,Impulsion
1369,1369,87.46553389633617,1.6020070753660753,3.1332314395211717e-10,1.0145889895741614e-11,4.4481836537750975e-13
