event_index,numero,distance,skewness,area_of_the_energy_parabola,energy_max,Impulsion
1457,1457,10.630209317576208,0.31085657920265747,2.4267412359918872e-09,1.3141101243408203e-10,7.80324343094834e-12
