event_index,numero,distance,skewness,area_of_the_energy_parabola,energy_max,Impulsion
886,886,393.77449119051875,1.7116811760318353,3.48889605759636e-09,1.3738054555591766e-10,8.247956045158331e-12
