event_index,numero,distance,skewness,area_of_the_energy_parabola,energy_max,Impulsion
1593,1593,49.779305606268075,1.1041237685277456,1.0471373120994291e-11,3.47513385696411e-13,1.6065219296740118e-14
