event_index,numero,distance,skewness,area_of_the_energy_parabola,energy_max,Impulsion
1004,1004,50.977804656245894,0.8556896762033098,1.2144165786190504e-06,3.9003217486230265e-08,1.3315242578984671e-09
