event_index,numero,distance,skewness,area_of_the_energy_parabola,energy_max,Impulsion
1409,1409,51.921807085944415,1.115249598163998,1.5700976967471798e-11,5.400593547095281e-13,2.579191048032472e-14
