event_index,numero,distance,skewness,area_of_the_energy_parabola,energy_max,Impulsion
972,972,72.73741590113679,-0.3598991139246003,6.161030964869262e-05,3.690888168447864e-06,2.1897903901393986e-07
