event_index,numero,distance,skewness,area_of_the_energy_parabola,energy_max,Impulsion
1416,1416,108.69049310673398,0.5582429576580429,2.9285409931608203e-12,5.790978405955289e-14,1.5126318862526164e-15
