event_index,numero,distance,skewness,area_of_the_energy_parabola,energy_max,Impulsion
1152,1152,109.32868130481047,1.3736306391096178,1.2339045276099402e-11,2.8032228993641134e-13,5.782746928456785e-15
