event_index,numero,distance,skewness,area_of_the_energy_parabola,energy_max,Impulsion
364,364,247.16523540456174,0.247621487828569,3.229331505691402e-05,4.820020659834889e-07,1.1022735095898238e-08
