event_index,numero,distance,skewness,area_of_the_energy_parabola,energy_max,Impulsion
463,463,178.8554097939608,1.1672549583345384,1.6509844559030665e-06,2.2792290713599175e-08,4.4783285809661384e-10
