event_index,numero,distance,skewness,area_of_the_energy_parabola,energy_max,Impulsion,Durée du signal
2016,2016,57.633082852043586,1.4106669292038079,2.695292190422517e-08,1.1477245099918854e-09,5.561337464224332e-11,92.0
