event_index,numero,distance,skewness,area_of_the_energy_parabola,energy_max,Impulsion,Durée du signal
1978,1978,67.83975704400562,0.7767863272447739,3.6360026033494335e-10,1.3088183488518386e-11,7.043970485887454e-13,72.0
