event_index,numero,distance,skewness,area_of_the_energy_parabola,energy_max,Impulsion
1444,1444,110.1297283380348,0.965933660746201,9.385048639679667e-12,2.1499012679349135e-13,2.5585254379071313e-15
