event_index,numero,distance,skewness,area_of_the_energy_parabola,energy_max,Impulsion
1282,1282,116.88653517106319,0.603276624894367,2.3420727124637707e-12,4.340469301241158e-14,5.190488092009467e-16
