event_index,numero,distance,skewness,area_of_the_energy_parabola,energy_max,Impulsion
1842,1842,181.51560505896686,1.1161404833764772,2.5512815889178837e-11,3.262555538150745e-13,3.6838152218948195e-15
