event_index,numero,distance,skewness,area_of_the_energy_parabola,energy_max,Impulsion
741,741,389.81973918223,2.55537543727879,2.7077057062165735e-10,9.520429570772545e-12,6.118601355524357e-13
