event_index,numero,distance,skewness,area_of_the_energy_parabola,energy_max,Impulsion
525,525,310.3221407583529,1.9103713566543141,1.4973535515679467e-07,5.6538652682955284e-09,3.177756802432016e-10
