event_index,numero,distance,skewness,area_of_the_energy_parabola,energy_max,Impulsion
1933,1933,113.82828504374582,1.1918729656866487,3.21118891511058e-11,8.935105868381965e-13,1.9311251369709124e-14
