event_index,numero,distance,skewness,area_of_the_energy_parabola,energy_max,Impulsion
1971,1971,110.82584680690023,0.4285855719058593,1.1359734817619437e-11,2.2537358847063784e-13,6.173062300306483e-15
