event_index,numero,distance,skewness,area_of_the_energy_parabola,energy_max,Impulsion
534,534,54.754066695589266,1.0154952982560566,8.141931124787415e-07,3.5609350534281586e-08,1.4403728262622833e-09
