event_index,numero,distance,skewness,area_of_the_energy_parabola,energy_max,Impulsion
1548,1548,111.09451545618367,0.43251643361839265,1.4277539523106443e-11,2.581157969308641e-13,6.0498070856413125e-15
