event_index,numero,distance,skewness,area_of_the_energy_parabola,energy_max,Impulsion
1252,1252,116.29942046717316,0.16008948332694956,1.2323395876493664e-11,2.146853319299197e-13,2.456663194915329e-15
