event_index,numero,distance,skewness,area_of_the_energy_parabola,energy_max,Impulsion
1610,1610,52.691875208171666,1.1235246213104488,1.448668401387662e-11,5.069381720627811e-13,2.424383954908488e-14
