event_index,numero,distance,skewness,area_of_the_energy_parabola,energy_max,Impulsion
645,645,159.01966844868127,1.2314945552196523,1.909682964188343e-07,6.853880708746759e-09,2.0384864466923672e-10
