event_index,numero,distance,skewness,area_of_the_energy_parabola,energy_max,Impulsion
1167,1167,185.2476864480079,1.716036128793783,1.8734862553573004e-12,2.5656549365463696e-14,2.400788940427995e-16
