event_index,numero,distance,skewness,area_of_the_energy_parabola,energy_max,Impulsion
1882,1882,93.92389724038408,0.7098061277202373,1.5051785929879798e-10,3.5647435123980116e-12,3.880691242776122e-14
