event_index,numero,distance,skewness,area_of_the_energy_parabola,energy_max,Impulsion
1258,1258,109.13073606720084,1.357152513452833,3.0152839949496015e-11,8.384591635957399e-13,1.0315150961613523e-14
