event_index,numero,distance,skewness,area_of_the_energy_parabola,energy_max,Impulsion,Signal duration
1356,1356,167.8698211891076,0.8354585378457644,5.598381931827561e-07,1.0153158453135243e-08,1.188637664370389e-10,180.0
