event_index,numero,distance,skewness,area_of_the_energy_parabola,energy_max,Impulsion
1509,1509,105.07065261123981,0.8930361012248157,2.096340922512659e-12,5.5867627763894364e-14,7.439985711737724e-16
