event_index,numero,distance,skewness,area_of_the_energy_parabola,energy_max,Impulsion
1347,1347,132.28333463648178,1.1702871819910652,1.1745722529818379e-11,2.653526448990014e-13,2.8464817053620376e-15
