event_index,numero,distance,skewness,area_of_the_energy_parabola,energy_max,Impulsion
1924,1924,120.41277226796667,0.8204250426886753,6.8723143204628694e-12,2.4711167746732366e-13,1.0615002964697938e-14
