event_index,numero,distance,skewness,area_of_the_energy_parabola,energy_max,Impulsion
1333,1333,103.72631424734043,1.6153932214672257,5.023756189848426e-10,1.5764399292490453e-11,1.678887825368724e-13
