event_index,numero,distance,skewness,area_of_the_energy_parabola,energy_max,Impulsion
1611,1611,51.724244623569945,1.1366357589467968,1.1627522662121548e-11,3.834806296656406e-13,1.7966561304755366e-14
