event_index,numero,distance,skewness,area_of_the_energy_parabola,energy_max,Impulsion
850,850,109.9521970102273,1.2911180968131852,5.802095136182551e-07,1.703105174270161e-08,5.120534942443033e-10
