event_index,numero,distance,skewness,area_of_the_energy_parabola,energy_max,Impulsion
1207,1207,109.10161914015444,0.6111398890422035,1.664155937795538e-11,3.3666815927737796e-13,4.050442609554694e-15
