event_index,numero,distance,skewness,area_of_the_energy_parabola,energy_max,Impulsion
466,466,191.95638462321435,1.6732460372991964,2.111490697881616e-06,5.452004953127917e-08,9.948029331295073e-10
