event_index,numero,distance,skewness,area_of_the_energy_parabola,energy_max,Impulsion
1133,1133,170.01089687605662,1.545925255208536,1.1726279099738286e-10,2.2707661625319533e-12,8.782833894146576e-14
