event_index,numero,distance,skewness,area_of_the_energy_parabola,energy_max,Impulsion
1023,1023,111.3488429393622,0.8378503984947386,1.2642196125776086e-12,3.090247622196941e-14,4.946425743457757e-16
