event_index,numero,distance,skewness,area_of_the_energy_parabola,energy_max,Impulsion,Durée du signal
1615,1615,173.46777001871575,1.253512483005201,3.529685453258112e-08,1.6174061103154854e-09,5.1953360845504964e-11,84.0
