event_index,numero,distance,skewness,area_of_the_energy_parabola,energy_max,Impulsion
1479,1479,181.0570031836595,1.8430392534194835,8.794418926766341e-11,2.0827385849728534e-12,1.1430694808232862e-13
