event_index,numero,distance,skewness,area_of_the_energy_parabola,energy_max,Impulsion
823,823,100.39592472427823,-0.4431117566576886,8.155257873673059e-08,4.893539351143053e-09,3.116112466847314e-10
