event_index,numero,distance,skewness,area_of_the_energy_parabola,energy_max,Impulsion
1067,1067,124.53613524716452,0.25620902175310145,3.5431037043599525e-12,9.519576284728124e-14,2.060852282790268e-15
