event_index,numero,distance,skewness,area_of_the_energy_parabola,energy_max,Impulsion
982,982,65.52192352896557,0.6767559474581999,2.5010023172682234e-05,7.015248630431253e-07,2.203226484878047e-08
