event_index,numero,distance,skewness,area_of_the_energy_parabola,energy_max,Impulsion
661,661,418.266932292593,1.91168607426348,8.684755764397871e-09,3.1148889511012805e-10,4.70213507975598e-12
