event_index,numero,distance,skewness,area_of_the_energy_parabola,energy_max,Impulsion
38,38,180.14864402554994,1.007729187362091,3.38588327607966e-09,3.954347888108522e-11,8.049355114812614e-13
