event_index,numero,distance,skewness,area_of_the_energy_parabola,energy_max,Impulsion
1165,1165,184.29340274559425,2.0735299090594816,8.207531017952494e-12,1.5157094818847655e-13,1.615688879842693e-15
