event_index,numero,distance,skewness,area_of_the_energy_parabola,energy_max,Impulsion
584,584,146.34289180786763,1.559909142420972,6.16074679644628e-09,2.2308262366444603e-10,8.943823289257676e-12
