event_index,numero,distance,skewness,area_of_the_energy_parabola,energy_max,Impulsion
375,375,141.862536672061,1.3259122566659436,6.33459310969606e-07,2.2235671615873757e-08,6.750278077974704e-10
