event_index,numero,distance,skewness,area_of_the_energy_parabola,energy_max,Impulsion
1404,1404,108.73232172678878,1.2925206625724577,6.682846640309466e-12,2.1296898471159402e-13,3.6287919060307414e-15
