event_index,numero,distance,skewness,area_of_the_energy_parabola,energy_max,Impulsion
999,999,492.93588268025826,1.851583717495959,6.636111792116984e-10,1.9948038561315336e-11,2.0473432311517363e-13
