event_index,numero,distance,skewness,area_of_the_energy_parabola,energy_max,Impulsion
211,211,85.33634948037799,0.8589054966906494,4.143876816876889e-07,8.43243236144408e-09,1.881166754659497e-10
