event_index,numero,distance,skewness,area_of_the_energy_parabola,energy_max,Impulsion,Signal duration
1541,1541,92.04866464562356,1.3464186439926253,1.7448948452053556e-08,5.665574165842568e-10,2.2796914968552513e-11,120.0
