event_index,numero,distance,skewness,area_of_the_energy_parabola,energy_max,Impulsion
1513,1513,129.47611347228576,1.2739231466600396,7.343335060053191e-12,1.9750491105412853e-13,2.4198136918642482e-15
