event_index,numero,distance,skewness,area_of_the_energy_parabola,energy_max,Impulsion
2018,2018,108.82149375231083,1.2003701511197609,3.2791916526810974e-11,9.975577886905954e-13,1.2325424110417542e-14
