event_index,numero,distance,skewness,area_of_the_energy_parabola,energy_max,Impulsion
917,917,331.1575004769937,2.2952574386726665,3.21373485822442e-08,1.0873046383021073e-09,6.575394606378446e-11
