event_index,numero,distance,skewness,area_of_the_energy_parabola,energy_max,Impulsion
582,582,358.17806117152594,1.1263205046180127,2.3783759788509236e-10,2.664019424138035e-12,2.193747258619878e-14
