event_index,numero,distance,skewness,area_of_the_energy_parabola,energy_max,Impulsion
782,782,161.434572837663,1.3875851003519024,6.754754187816394e-06,2.2733861129598999e-07,8.453425392744365e-09
