event_index,numero,distance,skewness,area_of_the_energy_parabola,energy_max,Impulsion
1522,1522,179.4277251785144,2.0669255104617896,1.3875790744429093e-11,2.4287283010957817e-13,1.1326786423279068e-15
