event_index,numero,distance,skewness,area_of_the_energy_parabola,energy_max,Impulsion
303,303,333.20140829137466,1.2512199595236262,1.0701392511132898e-07,2.14484800592156e-09,4.5282779422290346e-11
