event_index,numero,distance,skewness,area_of_the_energy_parabola,energy_max,Impulsion
1689,1689,112.53666010352823,1.5917819249072982,3.949045864219487e-11,1.1846208689142545e-12,1.4982839236555606e-14
