event_index,numero,distance,skewness,area_of_the_energy_parabola,energy_max,Impulsion
580,580,337.17079830664835,0.8740746260887032,3.936803029631801e-10,4.462716408574424e-12,4.200512765112753e-14
