event_index,numero,distance,skewness,area_of_the_energy_parabola,energy_max,Impulsion
1764,1764,101.92254987018107,1.0834517982738991,3.947253825014218e-12,9.360032972997425e-14,1.1153573214307822e-15
