event_index,numero,distance,skewness,area_of_the_energy_parabola,energy_max,Impulsion
1782,1782,126.21238228157802,-0.8590438318759887,1.9209006470519166e-11,1.1439384888331405e-12,8.367401622022102e-14
