event_index,numero,distance,skewness,area_of_the_energy_parabola,energy_max,Impulsion
1956,1956,130.30345158250321,-0.3684884509876683,1.7825913827968325e-11,1.0533406125700587e-12,7.340617913935605e-14
