event_index,numero,distance,skewness,area_of_the_energy_parabola,energy_max,Impulsion
1884,1884,100.08787651177812,-1.140083686871081,1.9745592615837392e-11,1.2013365341791492e-12,5.3692806295301607e-14
