event_index,numero,distance,skewness,area_of_the_energy_parabola,energy_max,Impulsion
1631,1631,140.4674068507812,0.9250464259069215,1.535784603605333e-11,5.744685134534948e-13,2.1450284637040363e-14
