event_index,numero,distance,skewness,area_of_the_energy_parabola,energy_max,Impulsion
1702,1702,110.48674419476835,1.2903805360384575,7.214568266581808e-11,2.099009431150013e-12,3.368904907554884e-14
