event_index,numero,distance,skewness,area_of_the_energy_parabola,energy_max,Impulsion
402,402,436.9553461941063,0.4837564988122812,2.859015693455933e-09,2.218733879697914e-11,6.658688251831909e-13
