event_index,numero,distance,skewness,area_of_the_energy_parabola,energy_max,Impulsion
1525,1525,95.48328982440667,-1.1369542115128535,2.369333865775521e-11,1.4455780309108808e-12,6.255446385510921e-14
