event_index,numero,distance,skewness,area_of_the_energy_parabola,energy_max,Impulsion
1957,1957,118.69358388914262,-1.263669039691545,2.2907748419312794e-11,1.4070084418744186e-12,4.6307612370305263e-14
