event_index,numero,distance,skewness,area_of_the_energy_parabola,energy_max,Impulsion
1703,1703,120.53220940898424,1.2981722996425442,1.0243979952555045e-12,3.009764965152652e-14,7.568608101319994e-16
