event_index,numero,distance,skewness,area_of_the_energy_parabola,energy_max,Impulsion
2009,2009,113.58133450779461,0.5655951989319999,4.2485297015550724e-11,9.11984219383889e-13,1.105691045115757e-14
