event_index,numero,distance,skewness,area_of_the_energy_parabola,energy_max,Impulsion
1868,1868,53.73356826151429,1.1332928390896446,3.3310246881082927e-12,1.0858432946287907e-13,6.3342237935598736e-15
