event_index,numero,distance,skewness,area_of_the_energy_parabola,energy_max,Impulsion
345,345,42.41673665615735,0.6000911404983904,5.98263033252436e-07,2.787772415650341e-08,1.6017250045035663e-09
