event_index,numero,distance,skewness,area_of_the_energy_parabola,energy_max,Impulsion
1635,1635,89.90020044697157,-1.1415928670090794,1.648138960253524e-11,1.0029757892350578e-12,4.586611165016872e-14
