event_index,numero,distance,skewness,area_of_the_energy_parabola,energy_max,Impulsion
1231,1231,104.82322651912801,1.160360673342061,5.343629663938781e-11,1.7866901273144403e-12,3.31730400214916e-14
