event_index,numero,distance,skewness,area_of_the_energy_parabola,energy_max,Impulsion
939,939,160.02955390813585,0.823080878756631,1.7966327126069818e-07,2.070207766880466e-09,1.695694728134754e-11
