event_index,numero,distance,skewness,area_of_the_energy_parabola,energy_max,Impulsion
1345,1345,106.98753454324755,1.3370143616551171,1.293013251271461e-11,3.446452573823125e-13,3.9862363858275685e-15
