event_index,numero,distance,skewness,area_of_the_energy_parabola,energy_max,Impulsion
1867,1867,112.24430049693778,1.2268021308672121,2.3516939372330467e-11,6.633532222932932e-13,1.667482331481053e-14
