event_index,numero,distance,skewness,area_of_the_energy_parabola,energy_max,Impulsion
954,954,238.10876691817455,1.0393049231343066,1.3847606994295833e-05,5.679751556396275e-07,3.0692487773351306e-08
