event_index,numero,distance,skewness,area_of_the_energy_parabola,energy_max,Impulsion
296,296,288.841409280807,2.36327897700998,2.7346154591394725e-11,7.780792852568264e-13,8.786035376947462e-15
