event_index,numero,distance,skewness,area_of_the_energy_parabola,energy_max,Impulsion
1156,1156,115.78329420650502,0.1985850028772516,8.256376068375783e-12,1.4545668742033143e-13,2.519287336451278e-15
