event_index,numero,distance,skewness,area_of_the_energy_parabola,energy_max,Impulsion
1654,1654,100.88056679996231,1.789714059172346,3.078619525026815e-10,1.4429411984242659e-11,1.6552987463312316e-13
