event_index,numero,distance,skewness,area_of_the_energy_parabola,energy_max,Impulsion,Signal duration
1762,1762,73.56565619261352,1.4241121258757374,1.3788020484399775e-08,5.5154490897993e-10,2.6809031794547515e-11,102.0
