event_index,numero,distance,skewness,area_of_the_energy_parabola,energy_max,Impulsion
857,857,305.63138453129693,-0.02589986036963547,2.2972580085559513e-18,1.1977042296171846e-20,6.599653238605583e-23
