event_index,numero,distance,skewness,area_of_the_energy_parabola,energy_max,Impulsion
854,854,341.5508222377436,2.3096948253435667,8.9520456091922e-08,2.627895924275051e-09,1.4154675421367587e-10
