event_index,numero,distance,skewness,area_of_the_energy_parabola,energy_max,Impulsion
899,899,15.309706935601211,0.6010532948257694,3.182165067205872e-05,1.3951050383984448e-06,5.776575506922385e-08
