event_index,numero,distance,skewness,area_of_the_energy_parabola,energy_max,Impulsion
1245,1245,117.06635367167047,0.9495375290516148,8.349700008232803e-12,2.589341984447595e-13,5.197610359259302e-15
