event_index,numero,distance,skewness,area_of_the_energy_parabola,energy_max,Impulsion
980,980,495.5202125332334,0.021012404950470256,1.992023316544241e-08,2.418976418963935e-10,2.716663694871033e-12
