event_index,numero,distance,skewness,area_of_the_energy_parabola,energy_max,Impulsion,Signal duration
894,894,191.74672077950373,1.1602212910248502,2.082092524368469e-08,4.2998377318154725e-10,6.175595299750654e-12,150.0
