event_index,numero,distance,skewness,area_of_the_energy_parabola,energy_max,Impulsion
1488,1488,182.1416938536693,2.396939890783569,9.272769184227611e-11,2.284836409918609e-12,3.747514358212662e-14
