event_index,numero,distance,skewness,area_of_the_energy_parabola,energy_max,Impulsion,Signal duration
1458,1458,111.96275658516072,0.9329188951219856,8.669642343760669e-08,3.5750513375160347e-09,1.2331106105890813e-10,76.0
