event_index,numero,distance,skewness,area_of_the_energy_parabola,energy_max,Impulsion
1401,1401,171.72919867498885,0.6938081081774276,7.537234277365059e-12,1.2129889759335047e-13,2.83828030408405e-15
