event_index,numero,distance,skewness,area_of_the_energy_parabola,energy_max,Impulsion
340,340,387.83633810448083,-0.24372411860736523,3.1110672349727302e-09,2.599274022167597e-11,1.8039415809959037e-13
