event_index,numero,distance,skewness,area_of_the_energy_parabola,energy_max,Impulsion
1748,1748,119.48193754454567,0.8186015706190126,6.539785004410601e-12,1.2202474160789088e-13,1.1952997246111754e-15
