event_index,numero,distance,skewness,area_of_the_energy_parabola,energy_max,Impulsion
1616,1616,121.79223567606093,1.1124667827452583,8.970240249140107e-12,2.1983716456167717e-13,2.6693542265108504e-15
