event_index,numero,distance,skewness,area_of_the_energy_parabola,energy_max,Impulsion
1763,1763,189.06315971579065,2.2589430984578547,2.4189114966304886e-12,3.977286616468621e-14,4.1068787200123965e-16
