event_index,numero,distance,skewness,area_of_the_energy_parabola,energy_max,Impulsion
254,254,59.49634461962689,1.2322267292257405,1.4656599536204236e-09,3.351299599431972e-11,6.303668226211417e-13
