event_index,numero,distance,skewness,area_of_the_energy_parabola,energy_max,Impulsion
806,806,439.34144646263223,0.4871855041891118,9.242058971105113e-10,1.1952829197497796e-11,1.9070489121467073e-13
