event_index,numero,distance,skewness,area_of_the_energy_parabola,energy_max,Impulsion
118,118,453.4922082558584,1.5892246631616496,3.8360243405135053e-08,1.0473416270229452e-09,1.3908799271653505e-11
