event_index,numero,distance,skewness,area_of_the_energy_parabola,energy_max,Impulsion,Signal duration
1074,1074,159.2025298485052,0.16832651626281803,1.6593083734960847e-11,3.918706232313474e-13,6.355383407747079e-15,88.0
