event_index,numero,distance,skewness,area_of_the_energy_parabola,energy_max,Impulsion
501,501,126.29864866016813,0.9187465779693743,1.6842282242483603e-07,4.635850582570596e-09,1.308525158399235e-10
