event_index,numero,distance,skewness,area_of_the_energy_parabola,energy_max,Impulsion
760,760,111.88511159635743,0.8711929691383088,1.3317487176219586e-06,1.9380357902247366e-08,2.378227502964598e-10
