event_index,numero,distance,skewness,area_of_the_energy_parabola,energy_max,Impulsion
1765,1765,116.9306830845349,1.0731685255777106,5.629600115520783e-11,1.427224722410062e-12,1.826206080378436e-14
