event_index,numero,distance,skewness,area_of_the_energy_parabola,energy_max,Impulsion
499,499,126.62951660414261,1.3312651959940274,1.6094280109449562e-08,4.502222794814531e-10,1.4383629995349492e-11
