event_index,numero,distance,skewness,area_of_the_energy_parabola,energy_max,Impulsion,Durée du signal
1176,1176,50.35947250756585,0.6216769462552704,6.516174443746063e-05,3.194899772021008e-06,1.8773499124547444e-07,52.0
