event_index,numero,distance,skewness,area_of_the_energy_parabola,energy_max,Impulsion
1200,1200,101.59524913806362,0.3942344508832485,3.2414857242777022e-12,6.117355387569329e-14,7.464325231456819e-16
