event_index,numero,distance,skewness,area_of_the_energy_parabola,energy_max,Impulsion
1975,1975,184.84812548874424,1.4868597630466887,1.8129378359593984e-12,2.441480650616574e-14,8.632307401264244e-16
