event_index,numero,distance,skewness,area_of_the_energy_parabola,energy_max,Impulsion
1968,1968,111.78128757955112,1.4423792687622201,2.2269541797078933e-11,7.066681599436144e-13,1.1372274267277429e-14
