event_index,numero,distance,skewness,area_of_the_energy_parabola,energy_max,Impulsion
1697,1697,89.87113330566062,-0.2629818410726114,4.335950609919788e-11,2.5618478807433315e-12,1.7258749523171912e-13
