event_index,numero,distance,skewness,area_of_the_energy_parabola,energy_max,Impulsion,Durée du signal
1321,1321,112.16591204324025,-0.0008538409047496196,1.1191208154349808e-09,1.922204693997107e-11,4.896571568441669e-13,114.0
