event_index,numero,distance,skewness,area_of_the_energy_parabola,energy_max,Impulsion
1841,1841,88.39895650109322,-0.8415145250653281,2.48506116494952e-11,1.4858100067371332e-12,9.757203112252966e-14
