event_index,numero,distance,skewness,area_of_the_energy_parabola,energy_max,Impulsion
1555,1555,117.11422427155497,0.7155771904367032,3.613467473790829e-11,9.596748370014226e-13,1.236854457700741e-14
