event_index,numero,distance,skewness,area_of_the_energy_parabola,energy_max,Impulsion
916,916,70.7216796452456,1.171283533094028,7.555322584948561e-05,1.7313359469884218e-06,3.6375514193552996e-08
