event_index,numero,distance,skewness,area_of_the_energy_parabola,energy_max,Impulsion
1105,1105,111.56408220309186,0.5902989025360318,2.9101211652257417e-13,6.700925693883512e-15,1.3702588525723433e-16
