event_index,numero,distance,skewness,area_of_the_energy_parabola,energy_max,Impulsion
1309,1309,187.53961875185345,1.6627541030519848,3.106849695395291e-12,1.0913756500484539e-13,2.752209877593554e-15
