event_index,numero,distance,skewness,area_of_the_energy_parabola,energy_max,Impulsion
1699,1699,98.75012975141645,-0.35363562735256154,2.0847680111922018e-11,1.2510229870609831e-12,6.62917464656971e-14
