event_index,numero,distance,skewness,area_of_the_energy_parabola,energy_max,Impulsion
1332,1332,117.05700562288999,0.040625646196685385,1.9852716782519724e-11,4.892542438785004e-13,8.667270572146415e-15
