event_index,numero,distance,skewness,area_of_the_energy_parabola,energy_max,Impulsion
1351,1351,103.00631715742658,0.6417298294922886,2.0316357978533802e-11,4.326157105167754e-13,5.688878702184628e-15
