event_index,numero,distance,skewness,area_of_the_energy_parabola,energy_max,Impulsion
1829,1829,101.06512251079346,0.6500456892298113,7.2158466280501e-11,1.4805796799597083e-12,1.7293374403403086e-14
