event_index,numero,distance,skewness,area_of_the_energy_parabola,energy_max,Impulsion
1921,1921,122.3243751785682,0.7791153367216165,7.062970695610933e-13,1.4100624567647865e-14,2.5330035770548375e-16
