event_index,numero,distance,skewness,area_of_the_energy_parabola,energy_max,Impulsion
1179,1179,118.80458292678658,1.9005782639220217,6.203706520382e-12,2.476724060119468e-13,5.47505931997045e-15
