event_index,numero,distance,skewness,area_of_the_energy_parabola,energy_max,Impulsion
1651,1651,109.82853929223411,1.210396342929597,2.104367429955747e-11,9.285343548821666e-13,3.480917185854222e-14
