event_index,numero,distance,skewness,area_of_the_energy_parabola,energy_max,Impulsion
325,325,4.7793973145773325,0.9724633991230921,2.862883647396087e-05,1.4385243724271284e-06,8.640854907774616e-08
