event_index,numero,distance,skewness,area_of_the_energy_parabola,energy_max,Impulsion
1204,1204,116.7765846526912,1.0042812723728949,5.378897035772088e-12,1.1545793569531654e-13,1.4771347578777736e-15
