event_index,numero,distance,skewness,area_of_the_energy_parabola,energy_max,Impulsion
1300,1300,111.38664313707761,1.459637415066878,2.2330694891040228e-12,5.52672029608351e-14,6.544073010969314e-16
