event_index,numero,distance,skewness,area_of_the_energy_parabola,energy_max,Impulsion,Signal duration
1604,1604,217.1720598227137,0.5093180610271386,7.559252268489037e-08,1.5167725509881559e-09,4.436134248325935e-11,128.0
