event_index,numero,distance,skewness,area_of_the_energy_parabola,energy_max,Impulsion
458,458,196.20815099842977,0.10421377865779435,5.793745392066263e-06,9.758632760217518e-08,2.663988280717121e-09
