event_index,numero,distance,skewness,area_of_the_energy_parabola,energy_max,Impulsion
1715,1715,103.74860607425002,-0.1533308606242171,7.024737154796148e-11,4.179477886351658e-12,2.791168261669099e-13
