event_index,numero,distance,skewness,area_of_the_energy_parabola,energy_max,Impulsion
1501,1501,100.71532350935979,-0.7656567592168566,8.511288490648068e-12,5.127853678971635e-13,3.009343537995266e-14
