event_index,numero,distance,skewness,area_of_the_energy_parabola,energy_max,Impulsion
1899,1899,55.46820928271116,1.184718241701894,8.915568083411226e-12,2.8668789099716626e-13,1.3753241854121536e-14
