event_index,numero,distance,skewness,area_of_the_energy_parabola,energy_max,Impulsion
374,374,143.95985555052872,0.6637881226580024,1.359287173404608e-07,4.142025190620731e-09,1.2218364916757096e-10
