event_index,numero,distance,skewness,area_of_the_energy_parabola,energy_max,Impulsion
429,429,267.73860596726234,0.8361585619804693,2.8086047903070604e-06,6.558312208266477e-08,1.418694613958587e-09
