event_index,numero,distance,skewness,area_of_the_energy_parabola,energy_max,Impulsion
885,885,175.91115104713683,1.5934958456752524,3.9813556404076214e-05,1.3474955642274366e-06,8.12642725684644e-08
