event_index,numero,distance,skewness,area_of_the_energy_parabola,energy_max,Impulsion
237,237,126.73564439418861,1.0192448980214233,2.320472407866992e-06,1.1054977632582668e-07,6.61785554476031e-09
