event_index,numero,distance,skewness,area_of_the_energy_parabola,energy_max,Impulsion
1995,1995,96.4055372035367,0.2880540725253734,3.812642321326911e-11,2.222227064709933e-12,1.515655432408671e-13
