event_index,numero,distance,skewness,area_of_the_energy_parabola,energy_max,Impulsion
1019,1019,82.92036044684261,0.4678537060750366,4.516791107934764e-10,2.6619476645753294e-12,8.237775897365876e-15
