event_index,numero,distance,skewness,area_of_the_energy_parabola,energy_max,Impulsion
1685,1685,157.8467734652371,-1.0789472236757292,1.022519847299419e-11,6.187561045850288e-13,3.67237499320426e-14
