event_index,numero,distance,skewness,area_of_the_energy_parabola,energy_max,Impulsion
1499,1499,101.07465343918874,0.9316060200673056,5.854051828250479e-12,1.6898401698764354e-13,2.6902062964680325e-15
