event_index,numero,distance,skewness,area_of_the_energy_parabola,energy_max,Impulsion
1432,1432,58.142453784636515,0.9916079185551063,2.1356806170686764e-11,7.267634059617882e-13,3.44037085359716e-14
