event_index,numero,distance,skewness,area_of_the_energy_parabola,energy_max,Impulsion
1408,1408,111.03008999502364,1.3789529926425055,2.7273801904080925e-12,6.988010993252901e-14,8.536436352873861e-16
