event_index,numero,distance,skewness,area_of_the_energy_parabola,energy_max,Impulsion
920,920,88.79167956683658,-0.6230515458734106,7.012302198726123e-19,1.041971743815262e-20,1.2250611467744037e-22
