event_index,numero,distance,skewness,area_of_the_energy_parabola,energy_max,Impulsion
843,843,79.69242458238709,-0.38853019748819834,3.440327988105683e-11,2.091325207800056e-12,1.4020868906415216e-13
