event_index,numero,distance,skewness,area_of_the_energy_parabola,energy_max,Impulsion
170,170,109.09212323106648,1.1915059669391164,1.0176009569496113e-07,4.380796425953325e-09,1.5551588132607604e-10
