event_index,numero,distance,skewness,area_of_the_energy_parabola,energy_max,Impulsion
497,497,398.1552098170182,1.1629106654458616,2.636944203893356e-08,4.908523409079901e-10,6.76754248385949e-12
