event_index,numero,distance,skewness,area_of_the_energy_parabola,energy_max,Impulsion
1524,1524,111.6431304079571,1.3510213009647536,5.8457593813398805e-12,1.5444783585255296e-13,2.545070443285138e-15
