event_index,numero,distance,skewness,area_of_the_energy_parabola,energy_max,Impulsion
1810,1810,114.93963648114449,1.2503991791558815,9.83338652762178e-12,3.3358397916749244e-13,1.1517850864433032e-14
