event_index,numero,distance,skewness,area_of_the_energy_parabola,energy_max,Impulsion
1977,1977,88.18744203146952,-0.3901208375622055,1.5564092700912916e-11,9.270430991985977e-13,5.6542571564662164e-14
