event_index,numero,distance,skewness,area_of_the_energy_parabola,energy_max,Impulsion
774,774,376.66388908775644,1.1993312563126965,3.748068396638959e-10,7.56095347128876e-12,2.774405987782649e-13
