event_index,numero,distance,skewness,area_of_the_energy_parabola,energy_max,Impulsion
300,300,522.3730893215399,0.11773212415130564,6.905646987513023e-08,1.8647008524364e-09,9.832286971393749e-11
