event_index,numero,distance,skewness,area_of_the_energy_parabola,energy_max,Impulsion
1931,1931,103.72422172803935,0.8549162663639065,9.937412198305628e-11,3.222804195347537e-12,6.21737166727137e-14
