event_index,numero,distance,skewness,area_of_the_energy_parabola,energy_max,Impulsion
1205,1205,110.38929593876614,1.9876674156993888,2.5673765001014652e-11,8.476242843973068e-13,1.4061845401483639e-14
