event_index,numero,distance,skewness,area_of_the_energy_parabola,energy_max,Impulsion
1185,1185,118.54415733984632,0.5829197719234408,2.4175898261632928e-11,4.441485834041004e-13,4.837094352940353e-15
