event_index,numero,distance,skewness,area_of_the_energy_parabola,energy_max,Impulsion,Durée du signal
1185,1185,119.26743174351597,1.368912018894468,2.979725255269867e-11,1.3364131705310796e-12,4.2829294680011675e-14,82.0
