event_index,numero,distance,skewness,area_of_the_energy_parabola,energy_max,Impulsion
1529,1529,82.08470461200834,0.16870243442541574,1.2325508677699023e-11,2.5130990205382197e-13,1.1850547689530303e-14
