event_index,numero,distance,skewness,area_of_the_energy_parabola,energy_max,Impulsion
1070,1070,124.86673882498249,0.8518903712190024,5.68886469284694e-12,1.253756332602482e-13,1.3849520476565342e-15
