event_index,numero,distance,skewness,area_of_the_energy_parabola,energy_max,Impulsion
543,543,89.46406171029228,1.0738059164503237,2.7906510522324346e-05,8.867982080826104e-07,2.1312965085952138e-08
