event_index,numero,distance,skewness,area_of_the_energy_parabola,energy_max,Impulsion
381,381,494.4215655812054,0.6552110766669309,8.980287785931361e-09,1.0126141260447407e-10,8.104070233937936e-13
