event_index,numero,distance,skewness,area_of_the_energy_parabola,energy_max,Impulsion
1618,1618,111.00358589691112,1.3056633202668613,8.517497327033975e-12,2.1039762323955976e-13,2.5494265671649533e-15
