event_index,numero,distance,skewness,area_of_the_energy_parabola,energy_max,Impulsion
732,732,341.82926192911003,0.5989361504057225,3.856408995783634e-08,6.094758220183596e-10,8.868453497005672e-12
