event_index,numero,distance,skewness,area_of_the_energy_parabola,energy_max,Impulsion
1120,1120,10.864480246316651,0.22715368635383065,4.007595382994827e-09,2.264995739303572e-10,1.5438485465248105e-11
