event_index,numero,distance,skewness,area_of_the_energy_parabola,energy_max,Impulsion
1932,1932,345.41546861906676,1.3512736167805064,2.192295987415981e-09,1.0594603122832346e-10,3.664491401305381e-12
