event_index,numero,distance,skewness,area_of_the_energy_parabola,energy_max,Impulsion
1074,1074,102.51785779516068,1.4016799461651126,1.0438143257387403e-10,3.1827212577612143e-12,3.3774831201133396e-14
