event_index,numero,distance,skewness,area_of_the_energy_parabola,energy_max,Impulsion
1788,1788,107.52373158907683,-0.18347671849740524,2.7790879180677014e-11,4.174749818647117e-13,7.679636000017012e-15
