event_index,numero,distance,skewness,area_of_the_energy_parabola,energy_max,Impulsion
1892,1892,90.04870624916514,0.2975690886036375,8.271963402277096e-12,4.771820510629567e-13,2.9253987134126306e-14
