event_index,numero,distance,skewness,area_of_the_energy_parabola,energy_max,Impulsion
1915,1915,100.98737252763341,-0.6456025989244003,1.737872372062334e-11,1.0600838476966423e-12,3.4150495028668004e-14
