event_index,numero,distance,skewness,area_of_the_energy_parabola,energy_max,Impulsion
647,647,184.32106693394635,0.9847717535976456,5.851744342522396e-10,1.009018512724527e-11,1.0306112953359894e-13
