event_index,numero,distance,skewness,area_of_the_energy_parabola,energy_max,Impulsion
1323,1323,105.3671213236793,0.8644795806750568,3.50818394059853e-11,1.0810140403493807e-12,2.2529810734208507e-14
