event_index,numero,distance,skewness,area_of_the_energy_parabola,energy_max,Impulsion
1534,1534,86.33950350425066,-0.7835192359173503,1.7729345194515977e-11,1.065286724981136e-12,5.949158540613452e-14
