event_index,numero,distance,skewness,area_of_the_energy_parabola,energy_max,Impulsion
1514,1514,111.1188937107697,1.2223885488770576,9.408940871018088e-12,2.3982648213732835e-13,3.3787900391721952e-15
