event_index,numero,distance,skewness,area_of_the_energy_parabola,energy_max,Impulsion
1263,1263,108.19807339761641,0.5321304380424677,1.1147167053278388e-11,2.439038682280448e-13,7.131608939277614e-15
