event_index,numero,distance,skewness,area_of_the_energy_parabola,energy_max,Impulsion
82,82,99.8316652262584,0.8997704146137375,0.00013983383018743777,5.359687980574533e-06,1.9113585323653829e-07
