event_index,numero,distance,skewness,area_of_the_energy_parabola,energy_max,Impulsion
1485,1485,101.14931389805822,1.003692550770161,4.599626190770321e-11,1.1924853353405907e-12,1.4596473547968217e-14
