event_index,numero,distance,skewness,area_of_the_energy_parabola,energy_max,Impulsion,Signal duration
172,172,45.3510702871246,0.4339994570725925,2.4720699595648157e-08,1.0560845135535832e-09,4.676501264885343e-11,60.0
