event_index,numero,distance,skewness,area_of_the_energy_parabola,energy_max,Impulsion,Durée du signal
1259,1259,79.55905331920312,0.6013095702141046,2.6354975581388908e-08,5.241465410173466e-10,1.1775848039359521e-11,124.0
