event_index,numero,distance,skewness,area_of_the_energy_parabola,energy_max,Impulsion
1833,1833,93.58670424300095,1.6908030363486737,3.934813066516835e-10,1.654959858246506e-11,1.0041013370919908e-12
