event_index,numero,distance,skewness,area_of_the_energy_parabola,energy_max,Impulsion
175,175,228.60536470323567,1.8842567169025632,5.83199532857946e-10,1.5107628712033628e-11,8.990684511550046e-13
