event_index,numero,distance,skewness,area_of_the_energy_parabola,energy_max,Impulsion
1259,1259,114.65637899810828,-1.2641482901883665,1.333454057226283e-12,1.4469326744082814e-14,2.459366960976433e-16
