event_index,numero,distance,skewness,area_of_the_energy_parabola,energy_max,Impulsion
184,184,117.83499980327355,1.6119745463913915,2.8448106071039044e-07,8.690885505808053e-09,4.637724229761279e-10
