event_index,numero,distance,skewness,area_of_the_energy_parabola,energy_max,Impulsion
878,878,35.03308835939138,0.6177237019196838,9.182058930850881e-05,4.4429904406086835e-06,2.6566603882423743e-07
