event_index,numero,distance,skewness,area_of_the_energy_parabola,energy_max,Impulsion
1934,1934,99.16677958263075,0.25093343129806445,7.646502852073591e-12,4.5178583415401414e-13,2.2723642928079432e-14
