event_index,numero,distance,skewness,area_of_the_energy_parabola,energy_max,Impulsion
1605,1605,89.26494878234355,-1.1240411011872946,3.491219360309167e-11,2.1200129751231312e-12,9.798053354327033e-14
