event_index,numero,distance,skewness,area_of_the_energy_parabola,energy_max,Impulsion
494,494,27.94542623632689,0.3374860600983651,0.00037547780332710523,1.0032735880360006e-05,4.3491010825596265e-07
