event_index,numero,distance,skewness,area_of_the_energy_parabola,energy_max,Impulsion
1955,1955,112.548371323906,0.7123179413098446,1.366749102964373e-10,4.722727556795833e-12,9.852642786353081e-14
