event_index,numero,distance,skewness,area_of_the_energy_parabola,energy_max,Impulsion
1336,1336,113.88228515249078,0.7052115272025369,1.771164868429113e-11,4.108985824042314e-13,9.75626055490603e-15
