event_index,numero,distance,skewness,area_of_the_energy_parabola,energy_max,Impulsion
1781,1781,106.01228219295079,1.6371224195354428,4.2998972893271666e-11,1.2786992775944413e-12,1.4072474812796422e-14
