event_index,numero,distance,skewness,area_of_the_energy_parabola,energy_max,Impulsion
448,448,184.71008861262652,0.921415353376593,7.600221485336829e-07,1.5242232708341522e-08,2.949585582628165e-10
