event_index,numero,distance,skewness,area_of_the_energy_parabola,energy_max,Impulsion,Signal duration
1134,1134,40.19469590146695,0.7126028132225088,8.152381837143072e-08,1.6034708590852525e-09,3.764468628079967e-11,130.0
