event_index,numero,distance,skewness,area_of_the_energy_parabola,energy_max,Impulsion
1545,1545,103.25200087526191,0.8635956845009461,3.343815291667683e-10,7.629751679574401e-12,5.07671368263279e-13
