event_index,numero,distance,skewness,area_of_the_energy_parabola,energy_max,Impulsion
1061,1061,110.52917030744666,0.5498264694548559,1.4668971874100176e-12,2.751956057703911e-14,2.867879916071376e-16
