event_index,numero,distance,skewness,area_of_the_energy_parabola,energy_max,Impulsion
1935,1935,111.57827589047758,0.6117741315840254,3.236514186687059e-11,5.934572705271078e-13,1.1922604419677581e-14
