event_index,numero,distance,skewness,area_of_the_energy_parabola,energy_max,Impulsion,Signal duration
1354,1354,186.0028960204736,0.6432046564470137,1.7738507261044576e-07,1.353595873604202e-09,4.884235469114845e-12,338.0
