event_index,numero,distance,skewness,area_of_the_energy_parabola,energy_max,Impulsion
870,870,420.17456440749083,1.3128865526929314,4.73796718127096e-08,1.1539205791968963e-09,1.5851127875352238e-11
