event_index,numero,distance,skewness,area_of_the_energy_parabola,energy_max,Impulsion
1123,1123,109.5052748112832,0.28247364796223506,7.110779941795101e-11,1.7223078971928892e-12,8.216621859203907e-14
