event_index,numero,distance,skewness,area_of_the_energy_parabola,energy_max,Impulsion,Durée du signal
1947,1947,181.4923196894353,1.2244253118790005,5.551853779120507e-10,1.7307999340482705e-11,4.868907725995411e-13,106.0
