event_index,numero,distance,skewness,area_of_the_energy_parabola,energy_max,Impulsion
808,808,485.8584758585206,1.4199436298786592,8.231134034803447e-08,1.3779564227685657e-09,7.840961520803702e-11
