event_index,numero,distance,skewness,area_of_the_energy_parabola,energy_max,Impulsion
1053,1053,107.66438539300236,1.5250041807777865,3.0684358911960533e-12,9.202260321876452e-14,2.205979392120707e-15
