event_index,numero,distance,skewness,area_of_the_energy_parabola,energy_max,Impulsion
965,965,91.63336037694492,2.793215619506654,8.83637254158495e-06,3.135243413803405e-07,1.2150593369033889e-09
