event_index,numero,distance,skewness,area_of_the_energy_parabola,energy_max,Impulsion
1898,1898,52.29275287745051,1.1628807041477867,5.9903295325413456e-12,2.01543397781037e-13,9.223198762829083e-15
