event_index,numero,distance,skewness,area_of_the_energy_parabola,energy_max,Impulsion
1366,1366,109.64233460276762,0.9541342226696122,2.0706047070408245e-11,6.236677027648833e-13,1.0293954744236075e-14
