event_index,numero,distance,skewness,area_of_the_energy_parabola,energy_max,Impulsion
1832,1832,121.17540717460479,0.2861178925848694,1.175277645385539e-12,2.0178924801035623e-14,8.591363495845955e-16
