event_index,numero,distance,skewness,area_of_the_energy_parabola,energy_max,Impulsion
1034,1034,110.05144344071323,-0.26091421628822736,1.9107994761907452e-15,3.0483736912956687e-17,1.0446906821517549e-18
