event_index,numero,distance,skewness,area_of_the_energy_parabola,energy_max,Impulsion
1056,1056,108.54508738590913,0.7546170949439972,3.1933437125649414e-11,6.222925570793989e-13,1.0839006992771524e-14
