event_index,numero,distance,skewness,area_of_the_energy_parabola,energy_max,Impulsion
583,583,363.8320178900199,0.13076843439033484,1.483113389916827e-09,1.389320149563229e-11,1.30271528016842e-13
