event_index,numero,distance,skewness,area_of_the_energy_parabola,energy_max,Impulsion
434,434,228.71546863913994,0.7306201232008028,5.9184236397285625e-06,1.3703814312678667e-07,2.8022059384943275e-09
