event_index,numero,distance,skewness,area_of_the_energy_parabola,energy_max,Impulsion
310,310,65.67863174143008,0.511011090366415,2.3628556883235078e-06,9.147399354881708e-08,4.9261434831104906e-09
