event_index,numero,distance,skewness,area_of_the_energy_parabola,energy_max,Impulsion
1044,1044,113.65693599808476,1.159025988438106,1.1071802552525336e-11,3.16036443677473e-13,7.209175726186774e-15
