event_index,numero,distance,skewness,area_of_the_energy_parabola,energy_max,Impulsion
1476,1476,108.79991997119112,1.12821974393166,1.67791138663568e-11,4.269935085022141e-13,1.701902252000578e-14
