event_index,numero,distance,skewness,area_of_the_energy_parabola,energy_max,Impulsion
1415,1415,180.00176404981195,2.084997156808301,4.1610330335558975e-11,8.464071343917672e-13,1.2468714276323836e-14
