event_index,numero,distance,skewness,area_of_the_energy_parabola,energy_max,Impulsion
940,940,154.2197901427779,1.5324692203383006,2.899936483285036e-05,1.210623193143135e-06,3.8988871206568626e-08
