event_index,numero,distance,skewness,area_of_the_energy_parabola,energy_max,Impulsion
1296,1296,113.1693627610152,0.18609825745240777,7.803305165743285e-13,1.2408033766205347e-14,1.8094497911583713e-16
