event_index,numero,distance,skewness,area_of_the_energy_parabola,energy_max,Impulsion
201,201,94.47324823399948,1.3638553578167865,1.9672400407904286e-05,8.087402108960658e-07,3.573617179784394e-08
