event_index,numero,distance,skewness,area_of_the_energy_parabola,energy_max,Impulsion
881,881,332.755210769151,0.6014732768368692,1.023442486651263e-07,2.2976042978659875e-09,3.43052088509507e-11
