event_index,numero,distance,skewness,area_of_the_energy_parabola,energy_max,Impulsion
1472,1472,116.46203137723018,0.9787810967771617,2.1000536688713103e-11,4.4669315931864736e-13,5.1098182168392586e-15
