event_index,numero,distance,skewness,area_of_the_energy_parabola,energy_max,Impulsion
1093,1093,185.02005981494645,2.3690761472163016,6.222173178707487e-11,1.3246940108165475e-12,2.027381218815262e-14
