event_index,numero,distance,skewness,area_of_the_energy_parabola,energy_max,Impulsion
1484,1484,108.45282163337103,0.8965255924935704,4.266299609982129e-12,1.0510091867860111e-13,1.4479673801749788e-15
