event_index,numero,distance,skewness,area_of_the_energy_parabola,energy_max,Impulsion
1638,1638,109.23616535741168,0.6237323503681993,7.495599205469823e-11,1.3564359072127422e-12,4.707157567951129e-14
