event_index,numero,distance,skewness,area_of_the_energy_parabola,energy_max,Impulsion
1536,1536,104.42734951323229,1.3213747318439322,4.9646439544819655e-12,1.434810558830961e-13,2.8758491881663675e-15
