event_index,numero,distance,skewness,area_of_the_energy_parabola,energy_max,Impulsion
1982,1982,126.54749559534739,0.12409585078211732,9.320031941573542e-12,5.43180420852132e-13,3.5128725765744264e-14
