event_index,numero,distance,skewness,area_of_the_energy_parabola,energy_max,Impulsion
728,728,170.5736449476559,0.23775898776946028,1.5674968947970732e-07,3.4799490441187465e-09,7.127674422817819e-11
