event_index,numero,distance,skewness,area_of_the_energy_parabola,energy_max,Impulsion
1403,1403,101.51815316049988,0.42920348017017446,4.516942239783323e-12,1.1786133206003247e-13,2.35035957547991e-15
