event_index,numero,distance,skewness,area_of_the_energy_parabola,energy_max,Impulsion
1271,1271,109.15454708039368,0.3338818873096639,3.280277131445595e-11,6.949227554597852e-13,1.2659486338742307e-14
