event_index,numero,distance,skewness,area_of_the_energy_parabola,energy_max,Impulsion
1907,1907,189.57091721065325,0.8086325424046753,2.656040300460969e-13,4.91643031845096e-15,1.2013532696234977e-16
