event_index,numero,distance,skewness,area_of_the_energy_parabola,energy_max,Impulsion
1310,1310,109.72917061635775,1.2078213407551375,3.751957204875556e-12,1.0107104794761656e-13,1.7051554011840097e-15
