event_index,numero,distance,skewness,area_of_the_energy_parabola,energy_max,Impulsion
1155,1155,104.43301413511655,1.6718068107068145,1.1269214862423682e-11,4.1799676451513787e-13,4.635838578210141e-15
