event_index,numero,distance,skewness,area_of_the_energy_parabola,energy_max,Impulsion
442,442,211.56660178277778,1.9056457845303398,1.9939506991620546e-06,3.575917204145218e-08,2.7491440203583804e-10
