event_index,numero,distance,skewness,area_of_the_energy_parabola,energy_max,Impulsion,Signal duration
449,449,128.30200166121756,0.37741161604623363,5.176948810880982e-09,1.2801950668375228e-10,4.718072184653992e-12,100.0
