event_index,numero,distance,skewness,area_of_the_energy_parabola,energy_max,Impulsion
1840,1840,103.45747056151458,1.010917600561411,1.3179206038019187e-10,3.691021868989473e-12,5.003149086083406e-14
