event_index,numero,distance,skewness,area_of_the_energy_parabola,energy_max,Impulsion
138,138,147.06562638835396,0.6817364845574603,1.2935969423704356e-07,2.2613614392996356e-09,6.910172921624847e-11
