event_index,numero,distance,skewness,area_of_the_energy_parabola,energy_max,Impulsion
309,309,346.7582127418597,1.2606151530611043,1.5067829267449923e-08,1.7814078527095017e-10,4.490576615892369e-12
