event_index,numero,distance,skewness,area_of_the_energy_parabola,energy_max,Impulsion
1877,1877,54.04769039225593,1.2573969012089974,3.747359519796604e-12,1.2921991231012568e-13,6.2226409912154085e-15
