event_index,numero,distance,skewness,area_of_the_energy_parabola,energy_max,Impulsion
1036,1036,13.513606134222876,0.13661655846561707,4.26111276382811e-09,2.47296233946999e-10,1.5092781915799628e-11
