event_index,numero,distance,skewness,area_of_the_energy_parabola,energy_max,Impulsion
1407,1407,105.65422041776279,0.6753326888280236,3.1360641136011367e-11,1.269571701173848e-12,5.4907484613867924e-14
