event_index,numero,distance,skewness,area_of_the_energy_parabola,energy_max,Impulsion
1621,1621,89.70011209941242,-0.08298024158794043,2.8453313033007817e-11,1.717075492028338e-12,8.073875664666309e-14
