event_index,numero,distance,skewness,area_of_the_energy_parabola,energy_max,Impulsion
1037,1037,118.39988103267297,0.5429975490242779,4.957467373484742e-11,6.592271329618303e-13,5.761301092597851e-15
