event_index,numero,distance,skewness,area_of_the_energy_parabola,energy_max,Impulsion
1946,1946,174.6086130596366,0.5099326617183442,7.288972487703299e-12,6.883157887923478e-14,6.139213773449656e-16
