event_index,numero,distance,skewness,area_of_the_energy_parabola,energy_max,Impulsion
1926,1926,109.75887491120213,1.1600724374825655,3.707120983063211e-11,1.6762985892665022e-12,7.290690363565553e-14
