event_index,numero,distance,skewness,area_of_the_energy_parabola,energy_max,Impulsion
339,339,61.583165993321565,1.2478140913251639,2.131245080700411e-06,9.361431003574732e-08,5.482378062846996e-09
