event_index,numero,distance,skewness,area_of_the_energy_parabola,energy_max,Impulsion
1365,1365,116.85423693711932,0.9404154034579045,6.310661334955655e-11,1.4815168396949978e-12,1.8114607548957943e-14
