event_index,numero,distance,skewness,area_of_the_energy_parabola,energy_max,Impulsion
659,659,389.3817908324155,0.5742932828548819,7.48283132370565e-09,8.134721303987455e-11,7.747629358195572e-13
