event_index,numero,distance,skewness,area_of_the_energy_parabola,energy_max,Impulsion,Signal duration
1256,1256,140.72684461909813,1.1690860939724255,1.373926482268733e-08,2.998351954880071e-10,1.0159865488995228e-11,136.0
