event_index,numero,distance,skewness,area_of_the_energy_parabola,energy_max,Impulsion
609,609,48.91816595868751,0.3922515095762388,2.569862791286146e-05,1.4542696005188444e-06,7.107407724225326e-08
