event_index,numero,distance,skewness,area_of_the_energy_parabola,energy_max,Impulsion
2008,2008,108.59767546566025,1.6102905854148473,2.098331648406004e-12,6.354405477062292e-14,1.2226465087911812e-15
