event_index,numero,distance,skewness,area_of_the_energy_parabola,energy_max,Impulsion
2005,2005,114.28716027034177,1.452241459382135,1.2148620950967513e-10,3.4836316751753808e-12,4.1842620143337304e-14
