event_index,numero,distance,skewness,area_of_the_energy_parabola,energy_max,Impulsion
459,459,203.21920835214712,1.300966826182933,5.720417046365709e-06,1.0013767513504726e-07,5.499433870842083e-10
