event_index,numero,distance,skewness,area_of_the_energy_parabola,energy_max,Impulsion
1940,1940,116.98950914822998,0.5933245978266235,8.697094537751704e-11,1.9586958014754827e-12,2.5832849518155186e-14
