event_index,numero,distance,skewness,area_of_the_energy_parabola,energy_max,Impulsion
88,88,436.07912589105024,1.545748553181738,1.5698933555825655e-09,2.5505987923908084e-11,1.4403222864249433e-12
