event_index,numero,distance,skewness,area_of_the_energy_parabola,energy_max,Impulsion
1591,1591,111.1098065982686,1.7063541414410972,2.0669378262121662e-13,6.101561662458495e-15,1.1081087044026776e-16
