event_index,numero,distance,skewness,area_of_the_energy_parabola,energy_max,Impulsion
189,189,464.9177271781062,1.1041053390394941,1.8403903774927685e-08,3.120465119435607e-10,2.8197787334793222e-12
