event_index,numero,distance,skewness,area_of_the_energy_parabola,energy_max,Impulsion
1218,1218,109.4316162908189,0.45548337645795506,1.9450650727010974e-11,4.2497919319805855e-13,5.13204635515102e-15
