event_index,numero,distance,skewness,area_of_the_energy_parabola,energy_max,Impulsion
738,738,539.2120435669912,1.3940714903642173,2.954456907926043e-10,2.8658010880659777e-12,3.7065195088467154e-14
