event_index,numero,distance,skewness,area_of_the_energy_parabola,energy_max,Impulsion
195,195,255.61025261194308,0.6951672453387854,1.018031885711406e-06,2.1636236116151413e-08,6.229730502717989e-10
