event_index,numero,distance,skewness,area_of_the_energy_parabola,energy_max,Impulsion
1358,1358,114.13388360655935,0.560560240763596,5.117208922474438e-12,1.1286345422356843e-13,1.4842822842079656e-15
