event_index,numero,distance,skewness,area_of_the_energy_parabola,energy_max,Impulsion
1660,1660,52.77384771529932,2.4180230626608203,2.394771998369234e-11,8.18962080548022e-13,3.5968717310377406e-14
