event_index,numero,distance,skewness,area_of_the_energy_parabola,energy_max,Impulsion
396,396,95.60002416796914,0.49670766763897867,6.5474846224642485e-06,2.123960901105046e-07,1.2242813705025117e-08
