event_index,numero,distance,skewness,area_of_the_energy_parabola,energy_max,Impulsion
976,976,296.9643747175907,1.7669076025672619,1.7462600915430223e-06,5.435375288779497e-08,8.542190192167586e-10
