event_index,numero,distance,skewness,area_of_the_energy_parabola,energy_max,Impulsion
1963,1963,95.61074559875283,-0.20708802059252057,4.615978002815296e-11,2.757664321238721e-12,1.585887998664163e-13
