event_index,numero,distance,skewness,area_of_the_energy_parabola,energy_max,Impulsion
1547,1547,122.95664696049339,0.7819332610516886,3.0392225861586607e-12,7.05807707399695e-14,1.463023062969729e-15
