event_index,numero,distance,skewness,area_of_the_energy_parabola,energy_max,Impulsion,Durée du signal
1788,1788,87.01918764835719,1.3241880947185856,6.445313610375698e-15,5.0826326335603574e-17,1.5229483594968474e-19,334.0
