event_index,numero,distance,skewness,area_of_the_energy_parabola,energy_max,Impulsion
851,851,505.5860491692838,0.8755291137190478,8.804540651517443e-08,1.405595701612795e-09,1.4768398807040045e-11
