event_index,numero,distance,skewness,area_of_the_energy_parabola,energy_max,Impulsion
1712,1712,181.4314241367983,0.9584490568371108,4.0664410051350886e-11,5.46472634691108e-13,4.260826035107076e-15
