event_index,numero,distance,skewness,area_of_the_energy_parabola,energy_max,Impulsion
1854,1854,50.503499745627494,1.6221631134993522,1.7694955621103e-11,5.328781902037428e-13,2.5630873795745434e-14
