event_index,numero,distance,skewness,area_of_the_energy_parabola,energy_max,Impulsion
369,369,135.2512164028789,1.9247291208603075,5.189206955591386e-07,1.3866001323198777e-08,6.586474845137168e-10
