event_index,numero,distance,skewness,area_of_the_energy_parabola,energy_max,Impulsion
658,658,328.7771597074006,0.9500026367043969,2.0153709514055014e-08,5.34188795039622e-10,1.1533567553166104e-11
