event_index,numero,distance,skewness,area_of_the_energy_parabola,energy_max,Impulsion,Durée du signal
1745,1745,107.64306800559221,0.6838299300296214,1.046548638861019e-09,3.959477587803129e-11,1.5719127836154463e-12,74.0
