event_index,numero,distance,skewness,area_of_the_energy_parabola,energy_max,Impulsion
912,912,336.2681960307476,0.6830545530327621,1.2740949856199273e-07,3.007429941236321e-09,6.723272223819138e-11
