event_index,numero,distance,skewness,area_of_the_energy_parabola,energy_max,Impulsion
986,986,496.3048761270042,1.019240644868281,1.9046341229815348e-08,2.6049596237664487e-10,2.2548494297901495e-12
