event_index,numero,distance,skewness,area_of_the_energy_parabola,energy_max,Impulsion
1340,1340,116.26540087578805,1.3953108792615068,1.486774065061647e-11,4.2949538157042687e-13,1.14763318602447e-14
