event_index,numero,distance,skewness,area_of_the_energy_parabola,energy_max,Impulsion
1147,1147,116.15194793232968,0.8042738305291625,2.842307228238948e-12,6.877997889819296e-14,7.477469934376092e-16
