event_index,numero,distance,skewness,area_of_the_energy_parabola,energy_max,Impulsion
729,729,453.75814731397224,1.058479831502942,4.180982796897067e-09,1.1658157564699447e-10,1.184493724575233e-12
