event_index,numero,distance,skewness,area_of_the_energy_parabola,energy_max,Impulsion
1622,1622,137.93357870883855,0.7281521109821,3.616283126761684e-11,1.4579350001502535e-12,5.83507078522893e-14
