event_index,numero,distance,skewness,area_of_the_energy_parabola,energy_max,Impulsion
906,906,380.1314931310224,2.1231978559044022,5.765266190905472e-09,2.71472659797523e-10,1.6463441772577855e-11
