event_index,numero,distance,skewness,area_of_the_energy_parabola,energy_max,Impulsion
1390,1390,117.22962003183542,1.414270329510786,1.5720203677388294e-11,5.068230554471049e-13,1.2813348098978519e-14
