event_index,numero,distance,skewness,area_of_the_energy_parabola,energy_max,Impulsion
1442,1442,113.65102952499092,1.7206029084479721,4.640669025094131e-12,1.358269570433366e-13,1.4769832634757119e-15
