event_index,numero,distance,skewness,area_of_the_energy_parabola,energy_max,Impulsion
1398,1398,112.92965498179449,0.6534669212084482,1.977531008841047e-11,4.1521680735828146e-13,4.9148460789932e-15
