event_index,numero,distance,skewness,area_of_the_energy_parabola,energy_max,Impulsion
421,421,80.74691664015637,0.3938814600481084,4.086953851963534e-06,1.7955225868739802e-07,7.1978055883630215e-09
