event_index,numero,distance,skewness,area_of_the_energy_parabola,energy_max,Impulsion
1080,1080,113.3273075527838,1.1895291236804804,3.522382035676808e-11,1.1217535417931384e-12,1.453193377317314e-14
