event_index,numero,distance,skewness,area_of_the_energy_parabola,energy_max,Impulsion
1228,1228,114.21917475611363,1.1341679807048046,6.718995210492936e-12,1.6393649528024003e-13,3.5538701795691e-15
