event_index,numero,distance,skewness,area_of_the_energy_parabola,energy_max,Impulsion
1603,1603,99.92612223716131,-0.8996813889725453,2.4555742375631148e-11,1.4587834911078027e-12,1.0001105791273457e-13
