event_index,numero,distance,skewness,area_of_the_energy_parabola,energy_max,Impulsion
1427,1427,50.06086396930003,1.1228857432740236,1.1510266819516628e-11,3.5935672414205777e-13,1.5732611686012167e-14
