event_index,numero,distance,skewness,area_of_the_energy_parabola,energy_max,Impulsion
1481,1481,106.57655498315903,1.7315685606364124,3.2457982932504304e-12,1.0661034457865569e-13,2.2406265096803584e-15
