event_index,numero,distance,skewness,area_of_the_energy_parabola,energy_max,Impulsion
2004,2004,119.67548436777079,1.565454646125549,1.0504015978307585e-10,3.788190351774656e-12,4.821502736972805e-14
