event_index,numero,distance,skewness,area_of_the_energy_parabola,energy_max,Impulsion
1132,1132,118.05031955935203,1.414350610090715,2.980683364928503e-11,8.887551609153676e-13,1.4733432760707303e-14
