event_index,numero,distance,skewness,area_of_the_energy_parabola,energy_max,Impulsion
220,220,264.64204265153074,1.0406449920176934,3.471592364831497e-08,7.820082498396753e-10,2.8275242590936768e-11
