event_index,numero,distance,skewness,area_of_the_energy_parabola,energy_max,Impulsion
1081,1081,111.84749818500148,0.7075072530834846,2.023553636444241e-11,4.551018042619229e-13,7.876933602421726e-15
