event_index,numero,distance,skewness,area_of_the_energy_parabola,energy_max,Impulsion
2024,2024,132.1129994798254,1.3433700612316706,2.5400539482346643e-11,1.0176023126347979e-12,1.8303405066443338e-14
