event_index,numero,distance,skewness,area_of_the_energy_parabola,energy_max,Impulsion
1598,1598,119.34284715643658,1.1473643397389324,8.930204161378495e-12,2.2233883682638097e-13,2.641980391019633e-15
