event_index,numero,distance,skewness,area_of_the_energy_parabola,energy_max,Impulsion
1157,1157,181.64497684341035,2.1667346264946947,3.8263693120304865e-12,5.944998701138441e-14,5.835185160405342e-16
