event_index,numero,distance,skewness,area_of_the_energy_parabola,energy_max,Impulsion
924,924,87.44900429468433,1.2103076340421224,2.4065403409690528e-05,7.187582716782444e-07,3.814364371082264e-08
