event_index,numero,distance,skewness,area_of_the_energy_parabola,energy_max,Impulsion
994,994,508.2469731119432,0.580272059062731,8.446328010050938e-06,1.3761580216912577e-07,1.470208741319154e-09
