event_index,numero,distance,skewness,area_of_the_energy_parabola,energy_max,Impulsion
2010,2010,91.49775302988543,-0.20560887276643122,1.0288967247801847e-11,6.146795362940231e-13,3.6093333431724824e-14
