event_index,numero,distance,skewness,area_of_the_energy_parabola,energy_max,Impulsion
1606,1606,119.75183718478102,0.9089594669032369,4.139335389109399e-12,8.416066468996967e-14,1.0096516867441778e-15
