event_index,numero,distance,skewness,area_of_the_energy_parabola,energy_max,Impulsion
1708,1708,8.329026949025696,0.1339946496456164,5.218986403511831e-09,2.9986725786487506e-10,1.8331428964901486e-11
