event_index,numero,distance,skewness,area_of_the_energy_parabola,energy_max,Impulsion
591,591,361.29381957623224,0.8747664581296775,1.9647664909198037e-09,2.5472332892656138e-11,2.7521338633444065e-13
