event_index,numero,distance,skewness,area_of_the_energy_parabola,energy_max,Impulsion
829,829,93.3740952809263,1.0002356900538143,1.9049337680241517e-07,8.590094893204688e-09,3.2080750130709135e-10
