event_index,numero,distance,skewness,area_of_the_energy_parabola,energy_max,Impulsion
200,200,99.7451744356308,1.4497337348316404,1.4829913384774478e-07,3.5307772978454224e-09,1.2380721392499867e-10
