event_index,numero,distance,skewness,area_of_the_energy_parabola,energy_max,Impulsion
1989,1989,97.42719332964178,-0.1253053969404896,6.619011388076008e-12,3.8971371683570483e-13,2.5706333233105853e-14
