event_index,numero,distance,skewness,area_of_the_energy_parabola,energy_max,Impulsion
1446,1446,112.61485381119924,0.6325494116190297,9.531666442252114e-11,2.8469040794874942e-12,9.748298003395977e-14
