event_index,numero,distance,skewness,area_of_the_energy_parabola,energy_max,Impulsion
1466,1466,108.99204753753658,0.6025748501198129,7.392635298234274e-12,1.714378250356576e-13,2.614792237362156e-15
