event_index,numero,distance,skewness,area_of_the_energy_parabola,energy_max,Impulsion
233,233,487.60492728418643,1.5086209922961518,9.469600676479782e-10,1.5934573914534824e-11,1.0648124461974735e-12
