event_index,numero,distance,skewness,area_of_the_energy_parabola,energy_max,Impulsion
1305,1305,124.6195558803656,2.6665795819584734,5.59432926083307e-13,1.0577872207117955e-14,3.538243171295839e-17
