event_index,numero,distance,skewness,area_of_the_energy_parabola,energy_max,Impulsion,Durée du signal
1557,1557,212.89325111185693,1.2321424487681178,3.6409771436766434e-07,1.5919862513491756e-08,8.32170667690888e-10,82.0
