event_index,numero,distance,skewness,area_of_the_energy_parabola,energy_max,Impulsion
266,266,89.62786696859713,1.3991993855673366,2.4524113510388153e-07,7.312338728485448e-09,2.660911047554232e-10
