event_index,numero,distance,skewness,area_of_the_energy_parabola,energy_max,Impulsion
12,12,32.468391934432,2.045234296441306,1.1426561655076383e-16,2.5746158671015255e-18,1.9711111095842326e-20
