event_index,numero,distance,skewness,area_of_the_energy_parabola,energy_max,Impulsion
162,162,482.78443325504685,1.8414849303727905,4.4037094676348483e-10,1.1409449353256539e-11,1.4624738819746226e-13
