event_index,numero,distance,skewness,area_of_the_energy_parabola,energy_max,Impulsion
1288,1288,101.37130098936382,0.6605400733639336,1.242997363687243e-12,2.1441361464223317e-14,2.361703792247309e-16
