event_index,numero,distance,skewness,area_of_the_energy_parabola,energy_max,Impulsion
1969,1969,95.27116519307133,-0.8638993569290094,2.4725388586651427e-11,1.510374849838557e-12,5.768271475191526e-14
