event_index,numero,distance,skewness,area_of_the_energy_parabola,energy_max,Impulsion
1527,1527,111.46788501291037,1.0777190195244413,6.4062659396379254e-12,2.219395388832669e-13,4.473919548166224e-15
