event_index,numero,distance,skewness,area_of_the_energy_parabola,energy_max,Impulsion
435,435,204.98999832081103,0.29335190867630007,2.9200521049200354e-06,6.659045760880038e-08,1.6677802295614135e-09
