event_index,numero,distance,skewness,area_of_the_energy_parabola,energy_max,Impulsion
1433,1433,111.50852126137737,1.0314775226171866,4.678312037376917e-11,1.2569455353866843e-12,4.0155912508100115e-14
