event_index,numero,distance,skewness,area_of_the_energy_parabola,energy_max,Impulsion
1668,1668,113.61602501929067,1.434951361368517,1.6536501307004874e-11,5.524067378774592e-13,1.7768848017140346e-14
