event_index,numero,distance,skewness,area_of_the_energy_parabola,energy_max,Impulsion
1248,1248,115.54511847488304,0.5353884424092105,2.5783441132055997e-12,4.843938181446098e-14,5.834838425316713e-16
