event_index,numero,distance,skewness,area_of_the_energy_parabola,energy_max,Impulsion,Signal duration
1803,1803,64.20111272964914,0.8124753928012264,7.110465133348305e-15,4.5411522254720395e-17,3.7846555217780465e-19,320.0
