event_index,numero,distance,skewness,area_of_the_energy_parabola,energy_max,Impulsion
1071,1071,8.495658408409179,0.0970993377939973,7.816341920865538e-09,4.435126672437227e-10,3.069658772894911e-11
