event_index,numero,distance,skewness,area_of_the_energy_parabola,energy_max,Impulsion
1130,1130,101.57232082229788,1.3252791894956724,1.138872638521637e-11,3.5703378652466556e-13,4.7563009684219755e-15
