event_index,numero,distance,skewness,area_of_the_energy_parabola,energy_max,Impulsion
111,111,291.89303679677295,0.9344830631678427,0.00012269725337225995,3.4029297326941134e-06,7.998889250323795e-08
