event_index,numero,distance,skewness,area_of_the_energy_parabola,energy_max,Impulsion
1127,1127,104.13489590569597,1.215197446834636,1.7487742836602288e-11,3.563114231686407e-13,3.735480500019714e-15
