event_index,numero,distance,skewness,area_of_the_energy_parabola,energy_max,Impulsion
599,599,59.66510511138616,0.6768740377189207,1.2259201454992354e-05,4.4461345681051836e-07,1.657325687339942e-08
