event_index,numero,distance,skewness,area_of_the_energy_parabola,energy_max,Impulsion
1002,1002,227.29311137707046,0.7327520825667874,5.25531972159925e-08,7.077147755682563e-10,1.0893857155501036e-11
