event_index,numero,distance,skewness,area_of_the_energy_parabola,energy_max,Impulsion,Durée du signal
371,371,24.497998848257126,0.13432153172215217,1.746321396213024e-05,1.024637657197628e-06,8.096872733589661e-08,34.0
