event_index,numero,distance,skewness,area_of_the_energy_parabola,energy_max,Impulsion
1731,1731,101.30996925612506,-0.5405282137636686,8.479125474513357e-12,5.096416262607579e-13,3.062265234397818e-14
