event_index,numero,distance,skewness,area_of_the_energy_parabola,energy_max,Impulsion
1827,1827,113.29570655314782,0.7323980877372038,3.6863166376890656e-11,7.242418474573962e-13,8.525413559448493e-15
