event_index,numero,distance,skewness,area_of_the_energy_parabola,energy_max,Impulsion
633,633,418.52032621520357,1.015447911104254,1.4244528553237007e-05,3.346086433407025e-07,4.9594447922696285e-09
