event_index,numero,distance,skewness,area_of_the_energy_parabola,energy_max,Impulsion
967,967,93.24028932966182,-0.15445228452034063,0.00035124868232892906,5.049399538411069e-06,1.0004413108518808e-07
