event_index,numero,distance,skewness,area_of_the_energy_parabola,energy_max,Impulsion,Signal duration
147,147,108.06904455464048,1.2205144787759514,4.709564462784089e-08,2.0223217796292032e-09,9.847133649120939e-11,78.0
