event_index,numero,distance,skewness,area_of_the_energy_parabola,energy_max,Impulsion
1988,1988,109.9852213975983,1.1227196944588789,3.1736705230474e-11,8.332285616161476e-13,1.9924720284574946e-14
