event_index,numero,distance,skewness,area_of_the_energy_parabola,energy_max,Impulsion
1795,1795,95.00722606293337,-0.19332553988861556,2.2555790387843893e-11,1.3567859581511559e-12,7.324292826044503e-14
