event_index,numero,distance,skewness,area_of_the_energy_parabola,energy_max,Impulsion
932,932,177.57976390063536,1.2314531551578227,3.250289409523849e-06,1.3480095338722088e-07,4.08688244570013e-09
