event_index,numero,distance,skewness,area_of_the_energy_parabola,energy_max,Impulsion
542,542,60.593756726599324,1.0398725432207585,5.156052588377237e-07,2.1985661884369323e-08,1.0677490748930365e-09
