event_index,numero,distance,skewness,area_of_the_energy_parabola,energy_max,Impulsion
1589,1589,173.27801289671862,2.371033040226285,5.621345175893196e-11,1.2653872288082563e-12,2.0007572683943635e-14
