event_index,numero,distance,skewness,area_of_the_energy_parabola,energy_max,Impulsion
711,711,217.15727718124703,0.9545543943215917,6.990444255406069e-06,1.8778023206541262e-07,4.9899023326844e-09
