event_index,numero,distance,skewness,area_of_the_energy_parabola,energy_max,Impulsion
1993,1993,106.0833905626849,0.8915495675613041,9.578153727335978e-12,1.9813267976140442e-13,1.9459616109512143e-15
