event_index,numero,distance,skewness,area_of_the_energy_parabola,energy_max,Impulsion
1322,1322,117.71900619215621,0.9512175159281279,2.665408300883551e-11,5.802132164317036e-13,1.249955007842445e-14
