event_index,numero,distance,skewness,area_of_the_energy_parabola,energy_max,Impulsion
1222,1222,31.812103868022216,0.5661894417865706,9.269549146361238e-12,4.64098283520721e-13,2.4597116671937948e-14
