event_index,numero,distance,skewness,area_of_the_energy_parabola,energy_max,Impulsion
1626,1626,123.53621335808728,-0.10032195760092232,3.241928949602515e-11,1.9426453213433978e-12,1.1187007152763521e-13
