event_index,numero,distance,skewness,area_of_the_energy_parabola,energy_max,Impulsion
1692,1692,99.37944028929303,-0.6117898200096857,1.9365923373129257e-11,1.1712117686185048e-12,4.5434707688564694e-14
