event_index,numero,distance,skewness,area_of_the_energy_parabola,energy_max,Impulsion
1209,1209,105.96972499349198,0.44374236857248434,1.6353835725893734e-11,2.765347822236226e-13,5.355886669213874e-15
