event_index,numero,distance,skewness,area_of_the_energy_parabola,energy_max,Impulsion
1595,1595,116.0895796271477,1.1029301977625439,8.388834983261074e-12,1.98259002748089e-13,2.4248534063128146e-15
