event_index,numero,distance,skewness,area_of_the_energy_parabola,energy_max,Impulsion
1634,1634,97.73869850698742,1.2811845237869435,1.1781058226607461e-09,4.544575700154446e-11,5.380119928064656e-13
