event_index,numero,distance,skewness,area_of_the_energy_parabola,energy_max,Impulsion
1299,1299,99.16216666311944,0.30093468644680293,1.0772829098774025e-11,2.38852940706255e-13,3.661236965049651e-15
