event_index,numero,distance,skewness,area_of_the_energy_parabola,energy_max,Impulsion
1256,1256,107.86707734909491,0.6398482834482851,4.824884656513681e-11,1.959209681242749e-12,8.493313612585945e-14
