event_index,numero,distance,skewness,area_of_the_energy_parabola,energy_max,Impulsion
2,2,219.4508404082078,0.8915535639815498,5.13237010644995e-06,5.851731226490758e-08,8.143115936463259e-10
