event_index,numero,distance,skewness,area_of_the_energy_parabola,energy_max,Impulsion
451,451,219.3711133786911,0.3742615513714024,4.629962168668303e-06,7.351215091515461e-08,1.4211538394078195e-09
