event_index,numero,distance,skewness,area_of_the_energy_parabola,energy_max,Impulsion
1431,1431,8.378110977904056,0.19816233008778292,1.5022124653261359e-09,8.467777764057649e-11,5.727561833672601e-12
