event_index,numero,distance,skewness,area_of_the_energy_parabola,energy_max,Impulsion
2015,2015,98.58659672082564,-1.326536191017395,6.450926639286885e-11,3.8421947192444306e-12,2.3552309549754386e-13
