event_index,numero,distance,skewness,area_of_the_energy_parabola,energy_max,Impulsion
1819,1819,102.40103089830404,-1.1045337138514135,1.8911258184835558e-11,1.1489219884319786e-12,5.410706529399347e-14
