event_index,numero,distance,skewness,area_of_the_energy_parabola,energy_max,Impulsion
946,946,49.55008094010932,1.0285242724177728,1.1551522251852109e-05,4.870738536903283e-07,2.9229497464746844e-08
