event_index,numero,distance,skewness,area_of_the_energy_parabola,energy_max,Impulsion
1419,1419,102.57643932677453,1.7875824304732142,1.635003702146798e-12,4.735564078348768e-14,5.27343563593344e-16
