event_index,numero,distance,skewness,area_of_the_energy_parabola,energy_max,Impulsion,Durée du signal
1404,1404,8.033857725020827,0.8260011395526621,1.967005464354363e-09,6.835265469111334e-11,2.2018878969104065e-12,82.0
