event_index,numero,distance,skewness,area_of_the_energy_parabola,energy_max,Impulsion
359,359,65.75235207356417,0.9449950041944793,1.0525237577742061e-05,3.495305575747842e-07,1.688266344178675e-08
