event_index,numero,distance,skewness,area_of_the_energy_parabola,energy_max,Impulsion
1131,1131,9.863268747329,0.3543836183253827,1.9282646690257e-09,1.0698886396505713e-10,6.384473054964156e-12
