event_index,numero,distance,skewness,area_of_the_energy_parabola,energy_max,Impulsion
1586,1586,111.51338095141645,-0.328364013343524,5.799517379167939e-13,8.720854523666312e-15,8.58498273378593e-17
