event_index,numero,distance,skewness,area_of_the_energy_parabola,energy_max,Impulsion
549,549,306.8026617254086,1.0483864708467747,9.73617178078785e-08,2.097656891885873e-09,4.272797671326101e-11
