event_index,numero,distance,skewness,area_of_the_energy_parabola,energy_max,Impulsion
1783,1783,93.03114888381067,-1.1143571365226146,1.3685113563298748e-11,8.312547417866445e-13,3.957255929934863e-14
