event_index,numero,distance,skewness,area_of_the_energy_parabola,energy_max,Impulsion
1920,1920,124.70025711158273,1.7304535024257646,9.618754867875671e-11,3.0193058085731882e-12,4.4181265141437895e-14
