event_index,numero,distance,skewness,area_of_the_energy_parabola,energy_max,Impulsion
1460,1460,106.41334956950712,1.434371577736984,8.650958914254524e-12,2.9435968358827974e-13,4.5795729133788315e-15
