event_index,numero,distance,skewness,area_of_the_energy_parabola,energy_max,Impulsion
798,798,106.05121472514513,1.0810228351108189,3.001136667559351e-06,5.237976503580542e-08,1.2453987089835891e-09
