event_index,numero,distance,skewness,area_of_the_energy_parabola,energy_max,Impulsion
787,787,463.1475361659596,2.0773830006330036,7.191569889668054e-10,1.873590288218322e-11,3.290609420526505e-13
