event_index,numero,distance,skewness,area_of_the_energy_parabola,energy_max,Impulsion
302,302,488.25983166007245,0.571779185478943,1.0563938970768837e-08,1.7125047832101606e-10,2.179612678178823e-12
