event_index,numero,distance,skewness,area_of_the_energy_parabola,energy_max,Impulsion
1376,1376,111.64268818581102,0.668169637105623,6.416734309098951e-11,1.485640804617899e-12,1.806019703734643e-14
