event_index,numero,distance,skewness,area_of_the_energy_parabola,energy_max,Impulsion
1318,1318,117.79103603027251,0.11123353562410879,1.639995928918395e-11,4.881120186132433e-13,1.953131550279701e-14
