event_index,numero,distance,skewness,area_of_the_energy_parabola,energy_max,Impulsion
810,810,36.02161200752489,1.552336591731845,1.3354210722047812e-05,5.820205028961343e-07,3.547927244572539e-08
