event_index,numero,distance,skewness,area_of_the_energy_parabola,energy_max,Impulsion
222,222,543.2183225464884,0.6533899452100554,1.2227762499517894e-10,1.8206769707045833e-12,2.5997005416948038e-14
