event_index,numero,distance,skewness,area_of_the_energy_parabola,energy_max,Impulsion
227,227,43.64028263142414,2.116857345492971,1.1658913860302174e-05,3.873288763274986e-07,1.329356345352305e-08
