event_index,numero,distance,skewness,area_of_the_energy_parabola,energy_max,Impulsion,Durée du signal
1140,1140,104.04815066911516,1.1952810243136722,7.383963729955634e-08,2.4666250390965476e-09,1.1433386388722433e-10,112.0
