event_index,numero,distance,skewness,area_of_the_energy_parabola,energy_max,Impulsion
1859,1859,10.001673781318017,0.07779729100383766,2.548800937910522e-09,1.4381813505903778e-10,8.657607906959592e-12
