event_index,numero,distance,skewness,area_of_the_energy_parabola,energy_max,Impulsion
1362,1362,109.17196700759906,1.487915617761031,3.2252361149004016e-11,9.355271174422936e-13,2.761384432163426e-14
