event_index,numero,distance,skewness,area_of_the_energy_parabola,energy_max,Impulsion
1744,1744,112.6284854031155,0.6926845378517239,2.471133393237066e-11,6.442890532102631e-13,1.3408901766634917e-14
