event_index,numero,distance,skewness,area_of_the_energy_parabola,energy_max,Impulsion
415,415,263.35601891276775,1.335405219253792,5.44127811759365e-08,1.646222684095517e-09,7.153466889507038e-11
