event_index,numero,distance,skewness,area_of_the_energy_parabola,energy_max,Impulsion,Durée du signal
1387,1387,192.0749465096984,0.5156715447619664,2.1839516178782406e-10,1.67761042945316e-12,9.452388111329809e-15,284.0
