event_index,numero,distance,skewness,area_of_the_energy_parabola,energy_max,Impulsion
246,246,187.0116231294181,1.6938154965661176,1.0308959937513658e-07,2.681529143686694e-09,6.309860633124884e-11
