event_index,numero,distance,skewness,area_of_the_energy_parabola,energy_max,Impulsion
137,137,474.21939170882433,1.3372178210668917,2.5282746653254504e-15,1.9422378905553673e-17,1.260716080031738e-19
