event_index,numero,distance,skewness,area_of_the_energy_parabola,energy_max,Impulsion
803,803,462.0519731442937,1.0780275134768122,1.2969871671916526e-09,2.1654528377004697e-11,2.837578092517461e-13
