event_index,numero,distance,skewness,area_of_the_energy_parabola,energy_max,Impulsion
1508,1508,110.12662143357988,1.558205257044669,5.587824225978172e-12,1.5400415499544194e-13,1.985881728027053e-15
