event_index,numero,distance,skewness,area_of_the_energy_parabola,energy_max,Impulsion
297,297,205.03294548308435,0.40123003705432697,5.3171114670809065e-06,9.338123585966581e-08,1.6748065016759432e-09
