event_index,numero,distance,skewness,area_of_the_energy_parabola,energy_max,Impulsion
1175,1175,130.57200371397354,1.4964778476689107,3.710425640208735e-12,1.0606745590039243e-13,1.1565249739841345e-15
