event_index,numero,distance,skewness,area_of_the_energy_parabola,energy_max,Impulsion
793,793,226.0024809016554,0.8596258426454542,5.543072196781778e-10,1.318933745620217e-11,2.472298119430069e-13
