event_index,numero,distance,skewness,area_of_the_energy_parabola,energy_max,Impulsion
1428,1428,59.048671931367146,1.1151305190170058,1.0586589312206087e-11,3.437139934257516e-13,1.497769345273724e-14
