event_index,numero,distance,skewness,area_of_the_energy_parabola,energy_max,Impulsion
1491,1491,103.60976882457315,1.683235067307632,7.522596259602471e-10,3.041838687284839e-11,2.014372216791624e-12
