event_index,numero,distance,skewness,area_of_the_energy_parabola,energy_max,Impulsion
238,238,492.7829253313718,0.9602118167201329,6.6061319970744e-09,1.0957081937961014e-10,1.1649709323162374e-12
