event_index,numero,distance,skewness,area_of_the_energy_parabola,energy_max,Impulsion
1311,1311,110.68812729048052,1.3936390175011062,5.640226847870158e-11,1.52069979830011e-12,1.8466837508810567e-14
