event_index,numero,distance,skewness,area_of_the_energy_parabola,energy_max,Impulsion
1807,1807,105.28034865506308,1.4325003302210517,2.1264543360954146e-11,6.031935013090984e-13,8.052153549224998e-15
