event_index,numero,distance,skewness,area_of_the_energy_parabola,energy_max,Impulsion
721,721,241.35758372306788,1.190382730667466,1.997965336735908e-07,6.085504917917217e-09,1.9547791386860774e-10
