event_index,numero,distance,skewness,area_of_the_energy_parabola,energy_max,Impulsion
1142,1142,107.11225216494434,1.4356756612166952,1.7473017657510494e-11,5.035926389573487e-13,9.682055309616724e-15
