event_index,numero,distance,skewness,area_of_the_energy_parabola,energy_max,Impulsion
1461,1461,106.8402299939459,1.2778138443016078,5.045929782750823e-12,1.5978888201585727e-13,2.6555084499917003e-15
