event_index,numero,distance,skewness,area_of_the_energy_parabola,energy_max,Impulsion
911,911,408.25061669196685,1.7858443543540212,4.8023274467048747e-08,1.5866693444037036e-09,2.708451956132835e-11
