event_index,numero,distance,skewness,area_of_the_energy_parabola,energy_max,Impulsion
1896,1896,53.26005435565451,1.0122857205025053,8.795476549197022e-12,3.027156581106638e-13,1.4546487678963058e-14
