event_index,numero,distance,skewness,area_of_the_energy_parabola,energy_max,Impulsion
1097,1097,105.32376416170071,1.8477972985402613,1.0483625410849804e-13,1.8820158675133248e-15,3.144962536581749e-17
