event_index,numero,distance,skewness,area_of_the_energy_parabola,energy_max,Impulsion
1572,1572,105.51920152631592,0.42369548911722066,1.7996530535952332e-10,3.2631563881601834e-12,3.308608050637737e-14
