event_index,numero,distance,skewness,area_of_the_energy_parabola,energy_max,Impulsion
1270,1270,118.77207843885554,1.1220654348336996,3.280081523345901e-11,8.755939081849222e-13,1.0716097984059367e-14
