event_index,numero,distance,skewness,area_of_the_energy_parabola,energy_max,Impulsion
1653,1653,50.05691391775634,1.1221801444247985,1.4428497534817639e-11,4.935485144542697e-13,2.3313962657097743e-14
