event_index,numero,distance,skewness,area_of_the_energy_parabola,energy_max,Impulsion
1701,1701,109.66994683169847,1.425248019421168,1.1689743257580147e-11,3.1139568086311514e-13,4.15159926069633e-15
