event_index,numero,distance,skewness,area_of_the_energy_parabola,energy_max,Impulsion
520,520,327.76496375596327,1.0460439299867301,1.0980421014995377e-06,3.937756914179333e-08,9.081000153146768e-10
