event_index,numero,distance,skewness,area_of_the_energy_parabola,energy_max,Impulsion,Signal duration
999,999,89.35167966986401,1.275821486454902,7.973318972612792e-09,3.8238758234973364e-10,1.2289091107057977e-11,80.0
