event_index,numero,distance,skewness,area_of_the_energy_parabola,energy_max,Impulsion
1532,1532,114.18885732698377,0.9546899867017613,4.310598201229931e-11,9.365987911988724e-13,2.317673254014306e-14
