event_index,numero,distance,skewness,area_of_the_energy_parabola,energy_max,Impulsion,Durée du signal
1175,1175,58.51245539185419,2.1186897022002498,2.5305982121216115e-08,7.888642265496795e-10,6.200463978539439e-12,182.0
