event_index,numero,distance,skewness,area_of_the_energy_parabola,energy_max,Impulsion
1277,1277,118.7313830472268,1.0202045284051282,3.41062532451975e-11,7.917834841078699e-13,2.0850531029603627e-14
