event_index,numero,distance,skewness,area_of_the_energy_parabola,energy_max,Impulsion
1845,1845,88.35566067944649,-0.8405229133552942,1.4549973131588029e-11,8.865709935108611e-13,3.6636026010920894e-14
