event_index,numero,distance,skewness,area_of_the_energy_parabola,energy_max,Impulsion
1612,1612,55.36857763005577,1.1295777470859705,1.753772515715581e-11,6.112730070611712e-13,3.0400859041283185e-14
