event_index,numero,distance,skewness,area_of_the_energy_parabola,energy_max,Impulsion
579,579,331.04659261419147,0.8513215732353716,1.3930345854705954e-09,1.8141440051782785e-11,1.7662169806286976e-13
