event_index,numero,distance,skewness,area_of_the_energy_parabola,energy_max,Impulsion
1184,1184,112.32185189620715,0.20869071592634467,1.4386277412118942e-11,2.484595715757427e-13,2.515246416844984e-15
