event_index,numero,distance,skewness,area_of_the_energy_parabola,energy_max,Impulsion
1092,1092,106.9488670114479,0.8076753572320525,3.7624412442857116e-11,7.430044627018332e-13,8.365672328938632e-15
