event_index,numero,distance,skewness,area_of_the_energy_parabola,energy_max,Impulsion
1735,1735,92.69308431622571,-0.5781006787161344,2.2552200814410972e-11,1.3376335693512374e-12,8.201606472938838e-14
