event_index,numero,distance,skewness,area_of_the_energy_parabola,energy_max,Impulsion
431,431,254.46889522067906,0.995098353513339,1.8304535201455764e-06,4.301060356128656e-08,6.60290449359969e-10
