event_index,numero,distance,skewness,area_of_the_energy_parabola,energy_max,Impulsion
1095,1095,98.15712332370944,1.1644663747000414,7.426963189994884e-12,2.6964894375255446e-13,9.329696585103158e-15
