event_index,numero,distance,skewness,area_of_the_energy_parabola,energy_max,Impulsion
1700,1700,124.0560498109039,1.1538127072193913,5.8807801538259216e-12,1.782061657978599e-13,1.9934724010539253e-15
