event_index,numero,distance,skewness,area_of_the_energy_parabola,energy_max,Impulsion
1344,1344,113.47523326931608,0.7492338474111342,2.4566385477553286e-12,5.867375156769059e-14,1.5529528403768858e-15
