event_index,numero,distance,skewness,area_of_the_energy_parabola,energy_max,Impulsion
776,776,386.0347398361656,0.32235170544099023,4.809284656841541e-09,6.43388777066405e-11,7.802972522968744e-13
