event_index,numero,distance,skewness,area_of_the_energy_parabola,energy_max,Impulsion
1186,1186,111.97215839169907,0.9972049103944706,5.003777950701576e-12,1.3770968721405529e-13,2.2740326879710583e-15
