event_index,numero,distance,skewness,area_of_the_energy_parabola,energy_max,Impulsion
550,550,68.06060550234137,1.4214222569888546,8.805091870892253e-06,3.3682217507052076e-07,8.970009226554522e-09
