event_index,numero,distance,skewness,area_of_the_energy_parabola,energy_max,Impulsion
305,305,236.7223905904297,0.30785953429131196,5.65595013477129e-06,1.2721569455268208e-07,3.3548301803088676e-09
