event_index,numero,distance,skewness,area_of_the_energy_parabola,energy_max,Impulsion
288,288,252.02364342508477,1.7129054665082715,7.511209367012552e-09,2.899240323775567e-10,6.904930520664886e-12
