event_index,numero,distance,skewness,area_of_the_energy_parabola,energy_max,Impulsion
1348,1348,102.21304590498669,0.7836290327496069,2.6454893477944096e-11,1.1407541945989252e-12,4.6109553227838905e-14
