event_index,numero,distance,skewness,area_of_the_energy_parabola,energy_max,Impulsion
1215,1215,106.78208424628131,0.6112566899208786,3.449334785928494e-11,8.587966505584846e-13,1.5774001731861152e-14
