event_index,numero,distance,skewness,area_of_the_energy_parabola,energy_max,Impulsion
1691,1691,102.80366141509488,0.7381341299268227,3.9130908644871995e-11,1.5951563352424427e-12,6.919220932759558e-14
