event_index,numero,distance,skewness,area_of_the_energy_parabola,energy_max,Impulsion
1766,1766,9.314564820140095,0.06702073301932049,1.5918122966453597e-09,8.957537998807598e-11,5.350229600562958e-12
