event_index,numero,distance,skewness,area_of_the_energy_parabola,energy_max,Impulsion
1780,1780,101.22734284905418,1.3951341528228447,2.318036176173834e-11,8.024135268475249e-13,2.149441261617328e-14
