event_index,numero,distance,skewness,area_of_the_energy_parabola,energy_max,Impulsion
330,330,272.69053010930867,1.3491090551547706,9.687962998840965e-08,1.8915823555794293e-09,3.342898227862938e-11
