event_index,numero,distance,skewness,area_of_the_energy_parabola,energy_max,Impulsion
1947,1947,113.30277505658937,0.24988828234179616,5.017189763551675e-12,8.999290823066137e-14,2.458421831117321e-15
