event_index,numero,distance,skewness,area_of_the_energy_parabola,energy_max,Impulsion
1448,1448,109.06726187629454,1.2088785267810789,1.4483546743787156e-11,3.3677094385064247e-13,8.447722628760095e-15
