event_index,numero,distance,skewness,area_of_the_energy_parabola,energy_max,Impulsion
1592,1592,89.24014666116054,-1.0927225578639201,1.0219009342006907e-11,6.167302618226966e-13,3.714410204201401e-14
