event_index,numero,distance,skewness,area_of_the_energy_parabola,energy_max,Impulsion
1317,1317,112.45120265989526,0.5641313497238947,8.520734176666838e-12,1.9405312794473022e-13,2.9773712193821372e-15
