event_index,numero,distance,skewness,area_of_the_energy_parabola,energy_max,Impulsion
984,984,404.4671630225958,0.846593273667139,1.3680000952555527e-08,2.9682006268749686e-10,5.181457913865e-12
