event_index,numero,distance,skewness,area_of_the_energy_parabola,energy_max,Impulsion,Signal duration
592,592,10.61687033001883,0.6604528283545479,5.986679256498982e-07,2.9532885798101135e-08,1.6786856150300413e-09,54.0
