event_index,numero,distance,skewness,area_of_the_energy_parabola,energy_max,Impulsion
1469,1469,110.08490718923865,0.3540436078521415,1.6825904916337353e-11,3.348214189290742e-13,3.854310718710151e-15
