event_index,numero,distance,skewness,area_of_the_energy_parabola,energy_max,Impulsion
667,667,170.45843757071077,1.249495732706336,1.0070119258043052e-05,4.4458542012093184e-07,2.764356580259779e-08
