event_index,numero,distance,skewness,area_of_the_energy_parabola,energy_max,Impulsion
1489,1489,102.8766520004516,1.1921431946414955,2.498069691427461e-11,8.624092245726728e-13,2.977323722786344e-14
