event_index,numero,distance,skewness,area_of_the_energy_parabola,energy_max,Impulsion
978,978,402.78164087563925,0.35199561600105084,3.517602547786849e-08,4.5383168552249637e-10,5.1458155370585116e-12
