event_index,numero,distance,skewness,area_of_the_energy_parabola,energy_max,Impulsion
1746,1746,106.97322531707373,0.8212610764105682,8.428708286574775e-13,1.3910282726039389e-14,2.3105940545319143e-16
