event_index,numero,distance,skewness,area_of_the_energy_parabola,energy_max,Impulsion
1281,1281,109.46951172477785,0.21807200209264804,8.669561360637494e-12,1.4309928717763158e-13,1.7654065783142441e-15
