event_index,numero,distance,skewness,area_of_the_energy_parabola,energy_max,Impulsion,Durée du signal
1690,1690,97.87903688703874,1.6980403868262088,1.1567354468299093e-14,1.1095052635612293e-16,3.5950878696118173e-19,370.0
