event_index,numero,distance,skewness,area_of_the_energy_parabola,energy_max,Impulsion
1439,1439,110.65410515948302,0.19060188189884628,5.169499751009633e-11,9.026080048847183e-13,1.0845814322594701e-14
