event_index,numero,distance,skewness,area_of_the_energy_parabola,energy_max,Impulsion
1181,1181,54.85243107560574,1.2713590342193388,2.8887694234696978e-12,9.222104845186676e-14,4.0240059978916805e-15
