event_index,numero,distance,skewness,area_of_the_energy_parabola,energy_max,Impulsion
1531,1531,115.26328507687468,1.680069134957114,1.0955999834682115e-09,4.3242829028817546e-11,2.5727839964418787e-12
