event_index,numero,distance,skewness,area_of_the_energy_parabola,energy_max,Impulsion
1802,1802,121.31575100238143,1.4446845209982633,1.96045705977907e-11,6.250324945863989e-13,1.0053529998218013e-14
