event_index,numero,distance,skewness,area_of_the_energy_parabola,energy_max,Impulsion
1881,1881,51.06896759995927,1.325464603689672,6.205869479243598e-12,2.0541352447081122e-13,9.648188647370073e-15
