event_index,numero,distance,skewness,area_of_the_energy_parabola,energy_max,Impulsion
1909,1909,111.56132134114222,0.9871481965644838,1.9091180917790954e-11,5.479064365860038e-13,1.55076011020367e-14
