event_index,numero,distance,skewness,area_of_the_energy_parabola,energy_max,Impulsion
226,226,42.37729194335127,0.9194753679841959,5.575601982732616e-06,2.5218704087244626e-07,1.1143769613955991e-08
