event_index,numero,distance,skewness,area_of_the_energy_parabola,energy_max,Impulsion
1541,1541,101.78808300054689,0.9962953816232016,1.086626576420106e-11,2.4859572780264415e-13,3.1122705954276583e-15
