event_index,numero,distance,skewness,area_of_the_energy_parabola,energy_max,Impulsion,Signal duration
1076,1076,100.18471800700287,0.6114019217297516,6.34820308096175e-07,2.208705449820837e-08,7.532181667051056e-10,74.0
