event_index,numero,distance,skewness,area_of_the_energy_parabola,energy_max,Impulsion
306,306,236.29336958334451,0.45193910717790803,2.3316468953715216e-06,4.989253810799574e-08,1.4572382244322858e-09
