event_index,numero,distance,skewness,area_of_the_energy_parabola,energy_max,Impulsion
1453,1453,97.18474998107718,0.7033104138913827,2.6891773301139596e-11,6.097434391850885e-13,6.71449678613411e-15
