event_index,numero,distance,skewness,area_of_the_energy_parabola,energy_max,Impulsion
1149,1149,106.22632905343609,-0.031146818024954937,1.5337755096140084e-13,2.284489655672241e-15,6.986239171088516e-17
