event_index,numero,distance,skewness,area_of_the_energy_parabola,energy_max,Impulsion
856,856,150.23648849649814,1.4528348419451231,2.778028451677122e-07,1.0617009367341026e-08,3.1801439542763636e-10
