event_index,numero,distance,skewness,area_of_the_energy_parabola,energy_max,Impulsion
970,970,19.471649606953317,1.4337797101051082,0.000298054690423801,9.06651412598136e-06,8.370611113951341e-08
