event_index,numero,distance,skewness,area_of_the_energy_parabola,energy_max,Impulsion
1492,1492,115.55781993207468,0.9657519283125101,5.316854014714345e-12,1.1420219647381926e-13,2.1649905057959658e-15
