event_index,numero,distance,skewness,area_of_the_energy_parabola,energy_max,Impulsion
1065,1065,113.0153995074592,0.30462659246021384,2.9517624253605476e-11,5.246664150170605e-13,6.288319918492677e-15
