event_index,numero,distance,skewness,area_of_the_energy_parabola,energy_max,Impulsion
1583,1583,109.62875855425956,1.6535050464308703,5.598680892950763e-11,1.5804307781427417e-12,3.433315829683391e-14
