event_index,numero,distance,skewness,area_of_the_energy_parabola,energy_max,Impulsion
100,100,260.7629531576159,2.209672623298153,2.5879541593326446e-09,8.231190796325081e-11,4.551956335186267e-12
