event_index,numero,distance,skewness,area_of_the_energy_parabola,energy_max,Impulsion
1607,1607,103.5417892971168,1.3097718980902668,3.280933676623551e-11,9.80757803907385e-13,1.4608915017302455e-14
