event_index,numero,distance,skewness,area_of_the_energy_parabola,energy_max,Impulsion
880,880,339.3188531166737,1.0233486063832475,1.6197290347906642e-06,2.6455320170146103e-08,3.8573542402605247e-10
