event_index,numero,distance,skewness,area_of_the_energy_parabola,energy_max,Impulsion
1690,1690,108.15693573228596,0.834148277804041,5.660302702572388e-11,1.3762682749406397e-12,3.603580549147427e-14
