event_index,numero,distance,skewness,area_of_the_energy_parabola,energy_max,Impulsion
1687,1687,176.99437978389278,1.8097490846068673,6.541011642497926e-11,1.1834897926327206e-12,1.682145001369685e-14
