event_index,numero,distance,skewness,area_of_the_energy_parabola,energy_max,Impulsion
1987,1987,101.56060758950241,1.3221056332086318,3.264415226255726e-11,1.1227200112280076e-12,1.938700922329825e-14
