event_index,numero,distance,skewness,area_of_the_energy_parabola,energy_max,Impulsion
1094,1094,113.95102126082575,0.82930779991996,2.864800005988573e-12,8.493202624907665e-14,1.3597655808203426e-15
