event_index,numero,distance,skewness,area_of_the_energy_parabola,energy_max,Impulsion
1354,1354,104.65777244873938,0.7820970475808812,9.1702781001487e-11,1.9638245823842206e-12,2.3572313026415368e-14
