event_index,numero,distance,skewness,area_of_the_energy_parabola,energy_max,Impulsion
1268,1268,113.53546091771922,1.5948012713980102,3.1657788926105966e-11,8.807969790872645e-13,1.0203518927157571e-14
