event_index,numero,distance,skewness,area_of_the_energy_parabola,energy_max,Impulsion
1646,1646,125.83361015219674,1.1500886303594278,8.443282633484084e-12,3.7518647928950887e-13,2.0189492104921192e-14
