event_index,numero,distance,skewness,area_of_the_energy_parabola,energy_max,Impulsion
453,453,192.06959497437637,1.993315113376233,2.12249898394074e-06,3.598428939433683e-08,4.1022385219413865e-10
