event_index,numero,distance,skewness,area_of_the_energy_parabola,energy_max,Impulsion
607,607,158.84232771501715,0.637831062279525,1.4806872030854245e-05,3.936409517022694e-07,9.851049385549238e-09
