event_index,numero,distance,skewness,area_of_the_energy_parabola,energy_max,Impulsion
1964,1964,124.39897352283431,1.1815856808267062,2.6467980760104224e-11,7.506552260448406e-13,8.528766143686463e-15
