event_index,numero,distance,skewness,area_of_the_energy_parabola,energy_max,Impulsion
36,36,182.54353374489784,1.101934136505544,2.4497724064252304e-07,9.070208467145326e-09,2.3024326042416536e-10
