event_index,numero,distance,skewness,area_of_the_energy_parabola,energy_max,Impulsion
1307,1307,103.76830738675422,1.2357251365601194,3.3107319624310814e-12,7.5584693578741e-14,9.089711398116065e-16
