event_index,numero,distance,skewness,area_of_the_energy_parabola,energy_max,Impulsion
1029,1029,105.93924938271626,0.7615868063203549,1.463809369111943e-10,3.725770715923857e-12,4.1166793049516855e-14
