event_index,numero,distance,skewness,area_of_the_energy_parabola,energy_max,Impulsion
1210,1210,105.9863256662287,1.0296327385234876,4.9030864476235775e-11,2.4297660046289243e-12,1.1660344521201129e-13
