event_index,numero,distance,skewness,area_of_the_energy_parabola,energy_max,Impulsion
1290,1290,111.93741919401744,0.9272848480382297,8.936166801917892e-12,2.2095613661621764e-13,3.910807465963264e-15
