event_index,numero,distance,skewness,area_of_the_energy_parabola,energy_max,Impulsion
927,927,303.12282593510855,2.450974491226417,1.975759531993567e-08,4.92390385346655e-10,2.0165447150056562e-11
