event_index,numero,distance,skewness,area_of_the_energy_parabola,energy_max,Impulsion
1979,1979,97.78608558662229,-0.46838454625201636,9.804212123580276e-12,5.795131695985737e-13,3.555321827779508e-14
