event_index,numero,distance,skewness,area_of_the_energy_parabola,energy_max,Impulsion
1725,1725,110.17639283274713,1.1564048286022817,6.304628007885402e-11,1.586586672354141e-12,4.686811788666869e-14
