event_index,numero,distance,skewness,area_of_the_energy_parabola,energy_max,Impulsion
614,614,312.3162039927009,1.163551937916513,8.410742866818439e-10,9.853093887109181e-12,8.822231462079742e-14
