event_index,numero,distance,skewness,area_of_the_energy_parabola,energy_max,Impulsion
987,987,498.0703517610932,1.3517477620512293,1.8020690296272108e-09,2.1650527499684962e-11,2.2110116230474105e-13
