event_index,numero,distance,skewness,area_of_the_energy_parabola,energy_max,Impulsion
44,44,141.90295821379735,-0.3720439398195268,2.9733437756421057e-06,3.185068076820852e-08,4.5690119233098785e-10
