event_index,numero,distance,skewness,area_of_the_energy_parabola,energy_max,Impulsion,Signal duration
1957,1957,58.98797060612287,0.8378908638248407,1.5439233650233927e-07,6.974026252353823e-09,3.0606931007369304e-10,66.0
