event_index,numero,distance,skewness,area_of_the_energy_parabola,energy_max,Impulsion
1878,1878,53.432927501367,1.2772213062173605,7.63128930416268e-12,2.580060841675354e-13,1.1318866751664389e-14
