event_index,numero,distance,skewness,area_of_the_energy_parabola,energy_max,Impulsion
1986,1986,187.62637117524204,1.2572845276694944,4.386298160052268e-12,5.666958437674593e-14,5.399543069492222e-16
