event_index,numero,distance,skewness,area_of_the_energy_parabola,energy_max,Impulsion
1352,1352,89.68896778422558,1.4889579947591989,1.562280061107263e-10,5.021379817300345e-12,5.1925013510453736e-14
