event_index,numero,distance,skewness,area_of_the_energy_parabola,energy_max,Impulsion
1804,1804,106.68357560763494,1.1877577891265139,1.268178887674641e-11,3.156960467569372e-13,4.576521623971055e-15
