event_index,numero,distance,skewness,area_of_the_energy_parabola,energy_max,Impulsion,Durée du signal
40,40,145.98054435864583,1.1153941886010537,3.2761262561269342e-09,7.374417331798979e-11,1.973956880843887e-12,134.0
