event_index,numero,distance,skewness,area_of_the_energy_parabola,energy_max,Impulsion
1049,1049,36.16615106982314,2.3306736556031558,1.1931954405896273e-11,5.128627522312452e-13,3.012893741240721e-14
