event_index,numero,distance,skewness,area_of_the_energy_parabola,energy_max,Impulsion
1597,1597,100.79019441522685,0.2465698402245632,2.586350278393317e-10,5.1306996673456456e-12,2.6509507612047545e-13
