event_index,numero,distance,skewness,area_of_the_energy_parabola,energy_max,Impulsion,Durée du signal
850,850,169.28632579854965,1.0484062004252257,1.6109195444816074e-09,3.290036733948161e-11,8.151294619046818e-13,128.0
