event_index,numero,distance,skewness,area_of_the_energy_parabola,energy_max,Impulsion
1402,1402,109.36643407683015,0.9531615313092598,2.5468977427785534e-11,5.636232591959584e-13,6.65338632537814e-15
