event_index,numero,distance,skewness,area_of_the_energy_parabola,energy_max,Impulsion
464,464,209.50312600904252,0.6467226802353183,4.176150186486796e-06,6.897782641276536e-08,1.3020015707697286e-09
