event_index,numero,distance,skewness,area_of_the_energy_parabola,energy_max,Impulsion,Durée du signal
761,761,118.25183283152155,2.0748926778308734,4.436875228040077e-08,9.685482228949016e-10,1.0381903824780339e-11,174.0
