event_index,numero,distance,skewness,area_of_the_energy_parabola,energy_max,Impulsion
1477,1477,112.98917774882477,1.3386388362568484,2.691067726805385e-11,5.234136325735959e-13,6.117963961831202e-15
