event_index,numero,distance,skewness,area_of_the_energy_parabola,energy_max,Impulsion,Signal duration
1715,1715,201.1437777435067,0.9229049645299426,4.5514471900208494e-11,6.853351592046886e-13,1.4408791640631794e-14,174.0
