event_index,numero,distance,skewness,area_of_the_energy_parabola,energy_max,Impulsion
1902,1902,54.2612815613396,1.1036121486836319,2.3427006800701205e-11,7.96294750122835e-13,3.766590553610845e-14
