event_index,numero,distance,skewness,area_of_the_energy_parabola,energy_max,Impulsion,Durée du signal
98,98,150.11470526812272,0.9469598301562515,1.4380700999179628e-11,7.469538349094629e-13,4.280801587161323e-14,64.0
