event_index,numero,distance,skewness,area_of_the_energy_parabola,energy_max,Impulsion
1658,1658,56.526210675272736,1.1318507982329145,7.473042836511642e-12,2.469526441911294e-13,1.1681954817270251e-14
