event_index,numero,distance,skewness,area_of_the_energy_parabola,energy_max,Impulsion
1604,1604,106.60803024165261,0.4184096330131631,1.1262606831421642e-11,1.7309833671861486e-13,1.863079671711356e-15
