event_index,numero,distance,skewness,area_of_the_energy_parabola,energy_max,Impulsion
889,889,187.76949781934886,1.2924501592991295,1.200717933554819e-06,4.309913676500858e-08,1.4834832294159303e-09
