event_index,numero,distance,skewness,area_of_the_energy_parabola,energy_max,Impulsion
1637,1637,110.09210610657517,-0.39216395974129203,3.094318520091524e-11,1.862728051388776e-12,8.436926025951683e-14
