event_index,numero,distance,skewness,area_of_the_energy_parabola,energy_max,Impulsion
1113,1113,112.04881262317734,0.9975588329084131,6.612499292286686e-11,1.5187962697971428e-12,1.8443681398574924e-14
