event_index,numero,distance,skewness,area_of_the_energy_parabola,energy_max,Impulsion
1493,1493,80.55442494856888,-1.7415238073472268,1.3192508100132975e-11,8.09597934956917e-13,3.189109029250782e-14
