event_index,numero,distance,skewness,area_of_the_energy_parabola,energy_max,Impulsion
1375,1375,107.70442173574648,1.140906868049452,9.177517128923902e-12,2.9058432657909393e-13,8.764299657063021e-15
