event_index,numero,distance,skewness,area_of_the_energy_parabola,energy_max,Impulsion
1596,1596,175.62510196040924,2.0276753718910085,6.875154360516742e-11,1.3986218043213838e-12,2.195894754125764e-14
