event_index,numero,distance,skewness,area_of_the_energy_parabola,energy_max,Impulsion
1033,1033,88.42372827776174,1.4566251524448046,8.275961280068885e-10,2.6375230160995135e-11,2.7082667205847917e-13
