event_index,numero,distance,skewness,area_of_the_energy_parabola,energy_max,Impulsion
1571,1571,176.30452209385138,1.107760913779979,2.2264385219856067e-12,2.692592886564147e-14,2.6288332026893164e-16
