event_index,numero,distance,skewness,area_of_the_energy_parabola,energy_max,Impulsion
1647,1647,57.000187907284115,0.4737129496597412,1.6322758471921265e-11,5.959798177216925e-13,2.921930273671532e-14
