event_index,numero,distance,skewness,area_of_the_energy_parabola,energy_max,Impulsion
1276,1276,108.67190433567156,0.6172803349000137,5.043030466456941e-12,1.2214642757412777e-13,1.8570331836648734e-15
