event_index,numero,distance,skewness,area_of_the_energy_parabola,energy_max,Impulsion
1600,1600,99.32480474259633,-1.5376842450161938,1.836085606994086e-11,1.1279998761934778e-12,5.298924844640398e-14
