event_index,numero,distance,skewness,area_of_the_energy_parabola,energy_max,Impulsion
208,208,484.78359966888735,1.1024811791498954,1.0472461364287388e-08,2.0173602478909044e-10,2.651393421382854e-12
