event_index,numero,distance,skewness,area_of_the_energy_parabola,energy_max,Impulsion
1158,1158,117.50920219305281,1.8088822155786433,1.5918083428241602e-10,6.429674897890861e-12,8.236291197062651e-14
