event_index,numero,distance,skewness,area_of_the_energy_parabola,energy_max,Impulsion
1628,1628,115.39635428020028,1.0709361271484705,2.7395311138848523e-11,6.518456783507034e-13,7.561532061030155e-15
