event_index,numero,distance,skewness,area_of_the_energy_parabola,energy_max,Impulsion
2002,2002,116.41151042913702,1.4125737256101676,1.856995598300279e-12,4.8516103290093216e-14,9.228742257080884e-16
