event_index,numero,distance,skewness,area_of_the_energy_parabola,energy_max,Impulsion
1930,1930,101.89881630075907,1.666697070325594,6.117167410015157e-11,2.338718206262425e-12,2.6281630087534574e-14
