event_index,numero,distance,skewness,area_of_the_energy_parabola,energy_max,Impulsion,Signal duration
1255,1255,130.44205416405964,0.5276569785521752,6.647956437236809e-08,1.8587975761019831e-09,6.829798984133303e-11,88.0
