event_index,numero,distance,skewness,area_of_the_energy_parabola,energy_max,Impulsion
1497,1497,114.42969555573428,1.2838962045015565,1.839255920872368e-11,5.463526876593271e-13,1.4601182322605274e-14
