event_index,numero,distance,skewness,area_of_the_energy_parabola,energy_max,Impulsion
1669,1669,272.1594324861083,1.5767940610132534,5.0906270502238956e-11,8.586981210798321e-13,1.2157356888203123e-14
