event_index,numero,distance,skewness,area_of_the_energy_parabola,energy_max,Impulsion
248,248,146.14367988020015,0.8670777522314914,2.9987517399215417e-05,1.2350164453564762e-06,6.654569463806168e-08
