event_index,numero,distance,skewness,area_of_the_energy_parabola,energy_max,Impulsion
1876,1876,54.01103075115118,1.3221945079554256,1.2512859288311217e-11,5.021190526289553e-13,3.022215609689372e-14
