event_index,numero,distance,skewness,area_of_the_energy_parabola,energy_max,Impulsion
1751,1751,109.83525683898736,1.0482025324728792,3.291343955159347e-11,9.54815650473267e-13,1.4359014884458123e-14
