event_index,numero,distance,skewness,area_of_the_energy_parabola,energy_max,Impulsion
71,71,70.12022836778043,-0.20354625624444625,6.415888876803954e-05,2.728534915044201e-06,1.4389283388687317e-07
