event_index,numero,distance,skewness,area_of_the_energy_parabola,energy_max,Impulsion
59,59,339.1122696776723,1.4940856018814366,4.941619458366205e-10,1.0007408260119574e-11,1.7950734957975423e-13
