event_index,numero,distance,skewness,area_of_the_energy_parabola,energy_max,Impulsion
1388,1388,52.87711256846773,1.0698679509228866,1.9779306270305872e-11,6.312977339589781e-13,3.0362736837281013e-14
