event_index,numero,distance,skewness,area_of_the_energy_parabola,energy_max,Impulsion
1313,1313,111.687803673721,1.2613351600282594,1.7168290607218562e-11,4.827498440401435e-13,5.744684835529159e-15
