event_index,numero,distance,skewness,area_of_the_energy_parabola,energy_max,Impulsion
150,150,549.9834647201548,1.126613447613028,4.1189761351966746e-10,1.7042881448042523e-11,8.272300142155298e-13
