event_index,numero,distance,skewness,area_of_the_energy_parabola,energy_max,Impulsion
1066,1066,114.22005841075601,1.0700056774059887,6.440027535369751e-12,9.032030283422563e-14,1.855022306097328e-15
