event_index,numero,distance,skewness,area_of_the_energy_parabola,energy_max,Impulsion,Durée du signal
1325,1325,169.11985600463416,0.8935388642260599,1.2828280370435863e-10,2.6107488466699107e-12,5.813966208038222e-14,140.0
