event_index,numero,distance,skewness,area_of_the_energy_parabola,energy_max,Impulsion
555,555,321.24206415401466,0.8944321782790126,3.41663726042812e-07,9.339644093139887e-09,4.866017206839801e-10
