event_index,numero,distance,skewness,area_of_the_energy_parabola,energy_max,Impulsion
1929,1929,122.87255391107433,1.078929255478537,2.429238059894714e-11,6.020621172353562e-13,7.034099600154249e-15
