event_index,numero,distance,skewness,area_of_the_energy_parabola,energy_max,Impulsion
1064,1064,112.34723751693113,1.904489286446348,1.714215405705384e-11,3.7481160844083805e-13,6.148678416660252e-15
