event_index,numero,distance,skewness,area_of_the_energy_parabola,energy_max,Impulsion
315,315,321.93667816610946,0.2111599577084323,9.01730242312818e-10,9.926215452229473e-12,1.0083417725737961e-13
