event_index,numero,distance,skewness,area_of_the_energy_parabola,energy_max,Impulsion
754,754,268.9611035843422,0.3814268968025068,1.451142706989553e-06,2.577064914242735e-08,5.206472884799945e-10
