event_index,numero,distance,skewness,area_of_the_energy_parabola,energy_max,Impulsion
1285,1285,14.379336103050507,0.17201452965648095,4.6055636115155336e-09,2.53863543912385e-10,1.3708459219480599e-11
