event_index,numero,distance,skewness,area_of_the_energy_parabola,energy_max,Impulsion
438,438,230.0633329169756,0.6062937099363662,2.2476670463024236e-06,4.33710778516841e-08,1.0177838345277194e-09
