event_index,numero,distance,skewness,area_of_the_energy_parabola,energy_max,Impulsion
992,992,191.45907050817954,1.4154278489065495,8.442812559381178e-06,3.4192800401014174e-07,1.2662466065137624e-08
