event_index,numero,distance,skewness,area_of_the_energy_parabola,energy_max,Impulsion
1960,1960,86.24292411509005,-1.1154683733551298,2.339493886513657e-11,1.4213822231575639e-12,7.90224523164889e-14
