event_index,numero,distance,skewness,area_of_the_energy_parabola,energy_max,Impulsion
1711,1711,60.93070128681845,0.6937497140395397,5.426695635680429e-13,2.868314170528887e-14,1.7358652622207243e-15
