event_index,numero,distance,skewness,area_of_the_energy_parabola,energy_max,Impulsion
450,450,213.67674942499568,0.2818243207707474,1.3637796033039055e-05,2.555967828780074e-07,6.616406982351839e-09
