event_index,numero,distance,skewness,area_of_the_energy_parabola,energy_max,Impulsion
54,54,94.87246399947412,1.0875018850930633,1.2054851964698185e-06,3.3691290175581215e-08,1.1007568969778775e-09
