event_index,numero,distance,skewness,area_of_the_energy_parabola,energy_max,Impulsion
539,539,86.06381347606133,1.0660253363270322,4.399612868052941e-06,1.8025393184153566e-07,6.501450973671799e-09
