event_index,numero,distance,skewness,area_of_the_energy_parabola,energy_max,Impulsion
1386,1386,110.62456322136906,0.9263517779109286,1.8774952970688354e-11,4.981024850740847e-13,8.754197883673357e-15
