event_index,numero,distance,skewness,area_of_the_energy_parabola,energy_max,Impulsion
347,347,47.44820945610307,0.42690058177005913,0.0003106731395365329,8.98613042675695e-06,3.884436744050747e-07
