event_index,numero,distance,skewness,area_of_the_energy_parabola,energy_max,Impulsion
1897,1897,52.637169850961804,1.2341675686686153,3.2061537022455528e-12,1.0936547206732403e-13,5.851250315525294e-15
