event_index,numero,distance,skewness,area_of_the_energy_parabola,energy_max,Impulsion
1587,1587,120.01834769326989,1.5250271374369047,2.127220322471806e-11,6.742763173509029e-13,9.008445127310549e-15
