event_index,numero,distance,skewness,area_of_the_energy_parabola,energy_max,Impulsion
397,397,471.4551262704089,2.1963734135659028,6.4772080557540834e-09,1.487600749959073e-10,2.5750124679501115e-12
