event_index,numero,distance,skewness,area_of_the_energy_parabola,energy_max,Impulsion
503,503,110.59007291773305,0.9293385282508163,4.889862820149573e-08,9.986732945472341e-10,5.094702749094233e-11
