event_index,numero,distance,skewness,area_of_the_energy_parabola,energy_max,Impulsion
1985,1985,93.68250601081749,1.9121912698618628,4.391495456047458e-11,1.5552236614788025e-12,8.959796696807335e-14
