event_index,numero,distance,skewness,area_of_the_energy_parabola,energy_max,Impulsion
1301,1301,106.664602184685,0.28738331451070687,3.284492797014706e-11,5.86938853866237e-13,6.973230578715123e-15
