event_index,numero,distance,skewness,area_of_the_energy_parabola,energy_max,Impulsion
1864,1864,181.33906911275872,1.5417833381050021,1.3162783818214799e-11,1.8365812937975989e-13,2.127547976171785e-15
