event_index,numero,distance,skewness,area_of_the_energy_parabola,energy_max,Impulsion
1255,1255,115.50029943220105,-0.09900716518284021,2.936746107562265e-12,4.1513472172600763e-14,6.470371795535578e-16
