event_index,numero,distance,skewness,area_of_the_energy_parabola,energy_max,Impulsion
894,894,104.25739925459325,0.8684454464565227,1.7539109882100747e-09,3.0182051895060974e-11,5.788660266975125e-13
