event_index,numero,distance,skewness,area_of_the_energy_parabola,energy_max,Impulsion
1154,1154,84.05397080865079,0.37509361214081394,5.26804639221688e-11,1.0611881260940776e-12,1.4321015185677766e-14
