event_index,numero,distance,skewness,area_of_the_energy_parabola,energy_max,Impulsion
1686,1686,118.29887257481774,1.1809441724351817,9.035594745124583e-12,2.160919614921821e-13,2.376770026839259e-15
