event_index,numero,distance,skewness,area_of_the_energy_parabola,energy_max,Impulsion
1865,1865,118.67363367431139,1.0404072459848543,5.344994248056718e-11,1.7905606066594463e-12,2.9023456560633457e-14
