event_index,numero,distance,skewness,area_of_the_energy_parabola,energy_max,Impulsion
1768,1768,173.83013471807914,1.406491502098,2.7239698401709396e-11,3.814830973753622e-13,1.7755628565674545e-15
