event_index,numero,distance,skewness,area_of_the_energy_parabola,energy_max,Impulsion
1590,1590,118.5475242902212,1.3597464401852468,1.583147085982141e-12,4.086812796790292e-14,7.371629880381804e-16
