event_index,numero,distance,skewness,area_of_the_energy_parabola,energy_max,Impulsion
1246,1246,110.69573906762272,0.6476171248994621,7.672575240511265e-12,1.4368163983554313e-13,1.4970460979733957e-15
