event_index,numero,distance,skewness,area_of_the_energy_parabola,energy_max,Impulsion
629,629,406.79344012248185,0.9712738417825588,2.7667900540770137e-09,5.076542026377e-11,2.615533946021605e-13
