event_index,numero,distance,skewness,area_of_the_energy_parabola,energy_max,Impulsion
2012,2012,115.25994597597024,1.3373641185815575,1.5100683538998514e-11,4.04549983616337e-13,4.494920954971312e-15
