event_index,numero,distance,skewness,area_of_the_energy_parabola,energy_max,Impulsion
863,863,144.20770976143288,1.2686108614897338,7.851521718773319e-07,2.2960046450451873e-08,7.795819979180375e-10
