event_index,numero,distance,skewness,area_of_the_energy_parabola,energy_max,Impulsion
1417,1417,107.67528662170507,1.269344732461923,1.2890118709448405e-11,2.982436554829432e-13,5.212518955439147e-15
