event_index,numero,distance,skewness,area_of_the_energy_parabola,energy_max,Impulsion
446,446,204.05999329594536,1.2928758166216123,1.0802868073787156e-06,2.6761393515847505e-08,5.540329342181727e-10
