event_index,numero,distance,skewness,area_of_the_energy_parabola,energy_max,Impulsion
1214,1214,115.6209796434338,0.8434887632231645,5.711470653802058e-11,1.6117844891104732e-12,3.662491985530907e-14
