event_index,numero,distance,skewness,area_of_the_energy_parabola,energy_max,Impulsion
400,400,288.15780372214726,1.5326488235709639,1.2648475535224138e-08,3.3093657069947697e-10,6.574446666734428e-12
