event_index,numero,distance,skewness,area_of_the_energy_parabola,energy_max,Impulsion
2028,2028,102.41693516696739,1.643494874344168,9.207053801423305e-11,3.9635692329444355e-12,4.600330012934706e-14
