event_index,numero,distance,skewness,area_of_the_energy_parabola,energy_max,Impulsion
1694,1694,102.76953201260285,0.6715466551244809,2.6251976875981235e-10,7.418144363411488e-12,5.057301877104331e-13
