event_index,numero,distance,skewness,area_of_the_energy_parabola,energy_max,Impulsion
1257,1257,114.07896515048988,1.2977502953417568,2.862691038804436e-11,8.256366599984265e-13,1.2593668221766309e-14
