event_index,numero,distance,skewness,area_of_the_energy_parabola,energy_max,Impulsion
500,500,239.9982560623123,0.9504634006624052,5.479686331715319e-08,1.207873424092946e-09,1.607470985730839e-11
