event_index,numero,distance,skewness,area_of_the_energy_parabola,energy_max,Impulsion
1680,1680,7.190229584248364,-0.006725064476765616,3.827306332033836e-09,2.2269648948024398e-10,1.4999406264098406e-11
