event_index,numero,distance,skewness,area_of_the_energy_parabola,energy_max,Impulsion
1356,1356,114.95525432826342,0.3112652669769845,1.8115439572350312e-12,3.19368157615042e-14,5.017293020326987e-16
