event_index,numero,distance,skewness,area_of_the_energy_parabola,energy_max,Impulsion
1705,1705,121.2491432174307,1.5864837365344449,3.951408960334918e-11,1.0509448197739855e-12,1.1298022608904218e-14
