event_index,numero,distance,skewness,area_of_the_energy_parabola,energy_max,Impulsion
764,764,208.56434981048028,1.0873514635422241,3.314728380041227e-07,5.235953982948976e-09,3.2804081129361926e-11
