event_index,numero,distance,skewness,area_of_the_energy_parabola,energy_max,Impulsion
888,888,154.8668624534091,1.1921574892286961,2.3471929394624724e-07,3.957305309515437e-09,6.221333116491279e-11
