event_index,numero,distance,skewness,area_of_the_energy_parabola,energy_max,Impulsion
971,971,18.291549532887846,0.41794009473020194,0.0012094135517689082,1.797428071008637e-05,3.1557320055540175e-07
