event_index,numero,distance,skewness,area_of_the_energy_parabola,energy_max,Impulsion
1613,1613,53.17184414692327,0.33022007114994795,6.076892501494656e-09,3.413301877235305e-10,2.3293768214152823e-11
