event_index,numero,distance,skewness,area_of_the_energy_parabola,energy_max,Impulsion
1355,1355,111.28621969787619,1.0361533580776425,1.3284971023742115e-11,3.50554436164025e-13,5.358336506087332e-15
