event_index,numero,distance,skewness,area_of_the_energy_parabola,energy_max,Impulsion
1473,1473,110.92008094560725,1.9416102509925517,1.2755900082826598e-11,2.792810476566747e-13,7.073036097173352e-15
