event_index,numero,distance,skewness,area_of_the_energy_parabola,energy_max,Impulsion
461,461,203.73007765304135,0.251258424822943,1.3855037263092099e-06,2.5717249368468346e-08,5.870817653523714e-10
