event_index,numero,distance,skewness,area_of_the_energy_parabola,energy_max,Impulsion
1308,1308,102.62981839507572,0.33159397309081634,6.882777914177703e-12,1.5281512193104e-13,2.891163106879017e-15
