event_index,numero,distance,skewness,area_of_the_energy_parabola,energy_max,Impulsion
1178,1178,108.68105837667628,0.6459389828690129,2.721943810633539e-12,5.859829494203227e-14,9.908099996409506e-16
