event_index,numero,distance,skewness,area_of_the_energy_parabola,energy_max,Impulsion
716,716,479.635770357235,1.7842941959716738,1.3342546670458672e-07,4.922631454147567e-09,7.212053866519558e-11
