event_index,numero,distance,skewness,area_of_the_energy_parabola,energy_max,Impulsion
1619,1619,59.85929340014064,-0.8258907463504639,1.0185140778877645e-09,6.058616157225698e-11,4.87957716007566e-12
