event_index,numero,distance,skewness,area_of_the_energy_parabola,energy_max,Impulsion
820,820,66.97665106203233,0.84454474740179,4.084202513246904e-09,8.155561126421236e-11,2.7442968718226815e-12
