event_index,numero,distance,skewness,area_of_the_energy_parabola,energy_max,Impulsion
1998,1998,109.06845385154078,0.6457815100303985,2.6014115887022377e-11,7.355680296514407e-13,3.868418347797242e-14
