event_index,numero,distance,skewness,area_of_the_energy_parabola,energy_max,Impulsion
1100,1100,112.29119107842716,1.059827745929999,6.18577559514068e-11,1.767754695736679e-12,4.2239117478047335e-14
