event_index,numero,distance,skewness,area_of_the_energy_parabola,energy_max,Impulsion
546,546,95.7359873495792,0.9433139357081395,2.5974684601415514e-05,5.22999906227685e-07,1.0976276109895177e-08
