event_index,numero,distance,skewness,area_of_the_energy_parabola,energy_max,Impulsion
1962,1962,109.20688637587477,0.950907229012333,2.9938660264163874e-11,7.173858097500773e-13,9.771088707771186e-15
