event_index,numero,distance,skewness,area_of_the_energy_parabola,energy_max,Impulsion
1984,1984,122.16423643866929,0.4607555105544311,2.434588583986521e-12,3.482139291923832e-14,3.6712193387646706e-16
