event_index,numero,distance,skewness,area_of_the_energy_parabola,energy_max,Impulsion
86,86,156.53740790554875,1.0227273266026056,3.1812894905355943e-07,7.904565907628684e-09,4.708189171545091e-10
