event_index,numero,distance,skewness,area_of_the_energy_parabola,energy_max,Impulsion
1483,1483,83.32766050793133,0.2768659288025372,2.948012119297322e-10,6.3456954333732804e-12,3.021197880567633e-13
