event_index,numero,distance,skewness,area_of_the_energy_parabola,energy_max,Impulsion
312,312,175.74886724178964,1.7876335201208855,6.036595151203868e-08,1.6749340512023564e-09,5.320700793595796e-11
