event_index,numero,distance,skewness,area_of_the_energy_parabola,energy_max,Impulsion
1809,1809,114.63504038768392,0.7728852479537252,2.1093322777524576e-12,5.789848995990364e-14,1.3839753657660509e-15
