event_index,numero,distance,skewness,area_of_the_energy_parabola,energy_max,Impulsion
1031,1031,112.56851357953546,0.7349177100327147,1.8440050577954586e-11,4.3293494823359597e-13,1.3742481393002968e-14
