event_index,numero,distance,skewness,area_of_the_energy_parabola,energy_max,Impulsion
1771,1771,136.94000556697364,0.11456619716569992,1.9490286538564533e-11,1.139237626825865e-12,7.734021167706734e-14
