event_index,numero,distance,skewness,area_of_the_energy_parabola,energy_max,Impulsion
638,638,306.058600854467,1.2420054886674345,1.0711996161715016e-07,2.3185147391520982e-09,3.669357755753561e-11
