event_index,numero,distance,skewness,area_of_the_energy_parabola,energy_max,Impulsion
1047,1047,111.89336756127051,1.4542666955635006,3.464049796695891e-11,8.582818251508032e-13,9.199088828099446e-15
