event_index,numero,distance,skewness,area_of_the_energy_parabola,energy_max,Impulsion
731,731,326.04065788557466,0.8065889845723749,3.163526438572991e-07,3.6190588519857796e-09,5.585559516677647e-11
