event_index,numero,distance,skewness,area_of_the_energy_parabola,energy_max,Impulsion
1579,1579,120.15648884290361,0.7837182789890029,9.39507404655091e-12,2.0826039903621116e-13,4.49257722118008e-15
