event_index,numero,distance,skewness,area_of_the_energy_parabola,energy_max,Impulsion
151,151,470.78358519870727,0.6822034766311353,5.560474714564297e-08,8.759903851070645e-10,1.1985523124634844e-11
