event_index,numero,distance,skewness,area_of_the_energy_parabola,energy_max,Impulsion
444,444,203.41505992619398,1.2977568514989273,8.93733133659409e-05,1.549518221940142e-06,3.449380010402877e-08
