event_index,numero,distance,skewness,area_of_the_energy_parabola,energy_max,Impulsion
1468,1468,114.95625120824471,1.736552017840768,4.428517450911455e-10,1.809360562955155e-11,9.771977918085853e-13
