event_index,numero,distance,skewness,area_of_the_energy_parabola,energy_max,Impulsion
1808,1808,23.03535225631358,0.5438692964647349,2.5107212877500323e-10,9.635865020110285e-12,5.668566292052343e-13
