event_index,numero,distance,skewness,area_of_the_energy_parabola,energy_max,Impulsion
1426,1426,106.68388383845547,1.310125017845254,1.252018280340056e-11,2.975643366212991e-13,3.4152644599051057e-15
