event_index,numero,distance,skewness,area_of_the_energy_parabola,energy_max,Impulsion
1567,1567,106.14309213218057,1.0701490380734882,8.59684958659095e-11,3.363373277588313e-12,7.430937652535669e-14
