event_index,numero,distance,skewness,area_of_the_energy_parabola,energy_max,Impulsion
1843,1843,54.24889887842801,1.1942643539726556,4.98988923996036e-12,1.621571058970345e-13,8.37580549387067e-15
