event_index,numero,distance,skewness,area_of_the_energy_parabola,energy_max,Impulsion
1343,1343,179.73963755499665,1.3026904582075145,1.028779777343503e-12,1.6817306533379046e-14,4.3245578186228593e-16
