event_index,numero,distance,skewness,area_of_the_energy_parabola,energy_max,Impulsion
1966,1966,109.46260252462756,0.5745144928755512,4.234201043049287e-11,8.569733222148592e-13,1.0313248247265142e-14
