event_index,numero,distance,skewness,area_of_the_energy_parabola,energy_max,Impulsion
1164,1164,108.20148747578315,0.9316540797406854,9.037307178857816e-12,2.193445442281846e-13,3.4851457133508644e-15
