event_index,numero,distance,skewness,area_of_the_energy_parabola,energy_max,Impulsion
1869,1869,53.374403711025195,0.9954952655864955,8.98354981725421e-12,3.0433330122047557e-13,1.4680914156057756e-14
