event_index,numero,distance,skewness,area_of_the_energy_parabola,energy_max,Impulsion
1641,1641,83.95045778359135,2.036696190716022,1.6139968410932678e-11,9.24298392754784e-13,5.004404651405136e-14
