event_index,numero,distance,skewness,area_of_the_energy_parabola,energy_max,Impulsion
874,874,235.67539447141547,1.3684962416430217,7.465699560529068e-08,1.933247276217169e-09,5.388437243834672e-11
