event_index,numero,distance,skewness,area_of_the_energy_parabola,energy_max,Impulsion
1229,1229,123.02338657641235,-0.03522442487098471,1.443744813992139e-11,2.29722113875287e-13,2.549152535480395e-15
