event_index,numero,distance,skewness,area_of_the_energy_parabola,energy_max,Impulsion
541,541,262.92139021507785,1.3463171886984306,8.068222983838103e-08,3.1292103542576983e-09,6.8787271603449e-11
