event_index,numero,distance,skewness,area_of_the_energy_parabola,energy_max,Impulsion
717,717,111.11214654452718,0.4932376109007369,1.3814156701550762e-07,2.673173772429691e-09,1.017848317580143e-10
