event_index,numero,distance,skewness,area_of_the_energy_parabola,energy_max,Impulsion
1076,1076,114.89714141815354,1.0101537470104147,4.214803123129072e-12,8.018570059872733e-14,1.566694205474001e-15
