event_index,numero,distance,skewness,area_of_the_energy_parabola,energy_max,Impulsion
1143,1143,113.5354302527922,1.2063943587800285,7.904261900960834e-13,2.5118137463218788e-14,9.305029529656868e-16
