event_index,numero,distance,skewness,area_of_the_energy_parabola,energy_max,Impulsion
1875,1875,54.43223924130178,1.1820303294295573,4.149978544216005e-12,1.3432343830275343e-13,6.3339860958578824e-15
