event_index,numero,distance,skewness,area_of_the_energy_parabola,energy_max,Impulsion
215,215,524.3860198990063,2.568939862605551,7.488163991241985e-09,2.2910689220762692e-10,9.73153005499215e-12
