event_index,numero,distance,skewness,area_of_the_energy_parabola,energy_max,Impulsion
1126,1126,117.932176098718,1.7007062512751832,2.3195552649312037e-12,7.961374115504212e-14,1.915867971273487e-15
