event_index,numero,distance,skewness,area_of_the_energy_parabola,energy_max,Impulsion
660,660,173.35509749765,0.6991109487482262,7.389821853180218e-05,2.2469130532983736e-06,7.203375029592359e-08
