event_index,numero,distance,skewness,area_of_the_energy_parabola,energy_max,Impulsion
1328,1328,111.26027613852162,1.0895378716320276,1.8819625301341922e-11,4.964238309018183e-13,1.3025944558612755e-14
