event_index,numero,distance,skewness,area_of_the_energy_parabola,energy_max,Impulsion
475,475,387.4114557932344,0.9107931462859941,2.0282615462580088e-08,3.1621055613782243e-10,3.7827016748627666e-12
