event_index,numero,distance,skewness,area_of_the_energy_parabola,energy_max,Impulsion
1051,1051,112.50759553219483,1.1510593127287558,3.1072479773562066e-11,7.488285675357571e-13,8.64064117760287e-15
