event_index,numero,distance,skewness,area_of_the_energy_parabola,energy_max,Impulsion
1895,1895,117.2537245484381,-1.1102306656026013,1.6111532217814508e-08,9.724819185558688e-10,4.863236742516368e-11
