event_index,numero,distance,skewness,area_of_the_energy_parabola,energy_max,Impulsion
1826,1826,124.3835241047274,1.2971713915591643,3.604103662967141e-11,9.722264265482256e-13,2.444883309012221e-14
