event_index,numero,distance,skewness,area_of_the_energy_parabola,energy_max,Impulsion
1091,1091,10.207659847609213,-0.2811623245212656,2.7211910725802627e-09,1.625703762213708e-10,1.3260616418716309e-11
