event_index,numero,distance,skewness,area_of_the_energy_parabola,energy_max,Impulsion
1806,1806,109.47834952792546,1.3446705901244895,3.471744196877583e-11,9.887325908224681e-13,2.6286646651856244e-14
