event_index,numero,distance,skewness,area_of_the_energy_parabola,energy_max,Impulsion,Durée du signal
2008,2008,123.63691415991346,0.8155646656381044,2.883801375273234e-17,2.241771710015739e-19,1.2184514206204451e-21,308.0
