event_index,numero,distance,skewness,area_of_the_energy_parabola,energy_max,Impulsion
910,910,442.32611398638414,1.674964188034504,3.232500514269402e-08,6.567364450938079e-10,8.278873065330965e-12
