event_index,numero,distance,skewness,area_of_the_energy_parabola,energy_max,Impulsion
804,804,430.04633006062176,0.5498339019795917,1.94932062593752e-09,4.104210086115654e-11,6.879433527119473e-13
