event_index,numero,distance,skewness,area_of_the_energy_parabola,energy_max,Impulsion
210,210,422.783948396735,1.1090143527333285,2.7718164154742826e-07,4.694272350881239e-09,3.82566650102398e-11
