event_index,numero,distance,skewness,area_of_the_energy_parabola,energy_max,Impulsion
673,673,123.08306921939752,0.8750565656770984,6.264524155445721e-09,1.3733345025760004e-10,7.0097503152789305e-12
