event_index,numero,distance,skewness,area_of_the_energy_parabola,energy_max,Impulsion
828,828,447.5656929659264,1.459233649215918,1.3011128093642205e-09,1.780713347814063e-11,2.544567380472036e-13
