event_index,numero,distance,skewness,area_of_the_energy_parabola,energy_max,Impulsion
2027,2027,98.99014616974264,-0.1047325756685204,6.242387827912896e-11,3.690128362162551e-12,2.3862957281373677e-13
