event_index,numero,distance,skewness,area_of_the_energy_parabola,energy_max,Impulsion
756,756,271.6870053152861,1.378750855394991,1.6150431089624278e-07,2.7555140163753626e-09,4.0028231080544214e-11
