event_index,numero,distance,skewness,area_of_the_energy_parabola,energy_max,Impulsion,Signal duration
110,110,95.50830348874587,0.5675431391069445,1.2126795573808985e-08,3.8748774822340043e-10,1.9765145134937513e-11,84.0
