event_index,numero,distance,skewness,area_of_the_energy_parabola,energy_max,Impulsion
869,869,330.50758013174914,1.4354706535782122,4.79762014568399e-08,1.0509253092095336e-09,2.1611383067005944e-11
