event_index,numero,distance,skewness,area_of_the_energy_parabola,energy_max,Impulsion,Durée du signal
1357,1357,168.64650772216058,0.5326503857155349,0.00010009075253860217,2.0211517381862857e-06,5.975981821496493e-08,120.0
