event_index,numero,distance,skewness,area_of_the_energy_parabola,energy_max,Impulsion
1698,1698,179.59683212213085,2.5703696855484672,5.884691625294599e-11,1.1765356927882393e-12,1.5828135960672338e-14
