event_index,numero,distance,skewness,area_of_the_energy_parabola,energy_max,Impulsion
40,40,65.35934459620418,1.2037303316831522,5.994396406119298e-06,3.0040132520025606e-07,1.3361413975634886e-08
