event_index,numero,distance,skewness,area_of_the_energy_parabola,energy_max,Impulsion
1017,1017,11.670496920084258,1.0401221166796046,2.8984519019090885e-06,1.4296482222846316e-07,8.51830896187693e-09
