event_index,numero,distance,skewness,area_of_the_energy_parabola,energy_max,Impulsion
1140,1140,121.56164180921057,0.8203835943735271,1.911381952182762e-11,4.5156073457220393e-13,6.8695400938772766e-15
