event_index,numero,distance,skewness,area_of_the_energy_parabola,energy_max,Impulsion
1890,1890,53.51359743652119,1.4485623431764107,4.190770536934709e-12,1.3384835445855597e-13,6.199785917895733e-15
