event_index,numero,distance,skewness,area_of_the_energy_parabola,energy_max,Impulsion
1991,1991,116.1717339719196,0.4736312187102953,3.69075912450738e-11,7.150326349934541e-13,8.605088436494419e-15
