event_index,numero,distance,skewness,area_of_the_energy_parabola,energy_max,Impulsion
1648,1648,54.20175100356115,1.1245520460041716,2.6838742174919582e-11,6.144686678030114e-13,3.044921382098852e-14
