event_index,numero,distance,skewness,area_of_the_energy_parabola,energy_max,Impulsion
1357,1357,120.46755311020921,1.284892466185637,2.3807297281614228e-11,8.773070111097564e-13,1.4220607907553674e-14
