event_index,numero,distance,skewness,area_of_the_energy_parabola,energy_max,Impulsion
1253,1253,117.83996953841856,1.5075306593666746,1.9706878346651432e-11,5.196731167869469e-13,9.181074379466546e-15
