event_index,numero,distance,skewness,area_of_the_energy_parabola,energy_max,Impulsion
1752,1752,99.31718512943226,-0.43971261898601227,3.6239847828566674e-11,2.145479786820999e-12,1.454778768162628e-13
