event_index,numero,distance,skewness,area_of_the_energy_parabola,energy_max,Impulsion
817,817,106.94451184813161,0.5263794965465127,4.392565930523507e-06,2.328374483012277e-07,1.1383546489830971e-08
