event_index,numero,distance,skewness,area_of_the_energy_parabola,energy_max,Impulsion
722,722,151.5879817413807,1.1921894312908687,5.216705186847239e-08,1.6385670778579681e-09,4.6238886434331915e-11
