event_index,numero,distance,skewness,area_of_the_energy_parabola,energy_max,Impulsion
445,445,211.9710578047209,0.4870921509158399,1.1228009320065097e-06,1.951128305841676e-08,4.2304363927595956e-10
