event_index,numero,distance,skewness,area_of_the_energy_parabola,energy_max,Impulsion
1043,1043,115.67203328663633,1.6759448117667353,1.2237512904424728e-11,3.301973100654856e-13,6.591888724633221e-15
