event_index,numero,distance,skewness,area_of_the_energy_parabola,energy_max,Impulsion
985,985,492.3735289052848,0.4027205977909331,1.3374153314171198e-09,1.451536641168088e-11,1.0913379320021039e-13
