event_index,numero,distance,skewness,area_of_the_energy_parabola,energy_max,Impulsion
1778,1778,118.93762286841033,0.8819280075303076,2.586677908773465e-12,5.4609711779276234e-14,6.131728022345437e-16
