event_index,numero,distance,skewness,area_of_the_energy_parabola,energy_max,Impulsion
1346,1346,113.93349844856942,1.414606162097249,1.6174553552037228e-12,4.765481658419389e-14,6.031972176030169e-16
