event_index,numero,distance,skewness,area_of_the_energy_parabola,energy_max,Impulsion
1627,1627,101.50515197085504,1.0725008421169515,2.713752887214615e-11,6.509337480444085e-13,6.692883358688e-15
