event_index,numero,distance,skewness,area_of_the_energy_parabola,energy_max,Impulsion
1247,1247,112.69726907082168,1.3117824064172479,5.093839871278599e-11,1.411068083423384e-12,3.5381701406282627e-14
