event_index,numero,distance,skewness,area_of_the_energy_parabola,energy_max,Impulsion
1115,1115,115.49111238438732,0.5297855773831208,5.7391734523171426e-12,1.0740362411746098e-13,1.2266513105446764e-15
