event_index,numero,distance,skewness,area_of_the_energy_parabola,energy_max,Impulsion
1913,1913,82.35582951406792,1.269615418434383,1.2285157854566752e-12,3.539867250954642e-14,5.149787483680089e-16
