event_index,numero,distance,skewness,area_of_the_energy_parabola,energy_max,Impulsion
1848,1848,53.62981400259094,1.5421899716026335,3.846223576350615e-12,1.2620194336372778e-13,6.04473282162308e-15
