event_index,numero,distance,skewness,area_of_the_energy_parabola,energy_max,Impulsion
1981,1981,113.78923897461405,1.226084882655764,4.261232614960863e-11,1.0124298824535186e-12,2.8410545977109382e-14
