event_index,numero,distance,skewness,area_of_the_energy_parabola,energy_max,Impulsion
322,322,102.5028159360113,0.688996275143462,4.8512649808089055e-06,2.512167527570701e-07,1.3578290545600516e-08
