event_index,numero,distance,skewness,area_of_the_energy_parabola,energy_max,Impulsion
532,532,135.875232134483,1.5506370398839149,4.4188850890038515e-08,1.173987945338245e-09,5.209164618349255e-11
