event_index,numero,distance,skewness,area_of_the_energy_parabola,energy_max,Impulsion
239,239,276.4195760002459,2.1294443130112013,4.283909032752613e-08,1.132176205583739e-09,4.810580379587195e-11
