event_index,numero,distance,skewness,area_of_the_energy_parabola,energy_max,Impulsion
2016,2016,105.50338575500649,1.5801627242336713,1.1556332660692607e-10,3.918552545917329e-12,4.986163614599292e-14
