event_index,numero,distance,skewness,area_of_the_energy_parabola,energy_max,Impulsion
1693,1693,95.02041798979924,2.8733858596725637,1.6555552061998244e-11,9.371485519283548e-13,4.1536914301957305e-14
