event_index,numero,distance,skewness,area_of_the_energy_parabola,energy_max,Impulsion
1168,1168,161.19353102675174,2.367445600286643,4.125603112015669e-11,9.4310649712664e-13,3.724439606031436e-15
