event_index,numero,distance,skewness,area_of_the_energy_parabola,energy_max,Impulsion
603,603,337.8890100655476,0.1850278892264916,1.410865776670235e-06,1.6151043650055443e-08,2.152785306875949e-10
