event_index,numero,distance,skewness,area_of_the_energy_parabola,energy_max,Impulsion
1486,1486,110.9271965474741,0.7015224938472988,1.9353331264102615e-12,3.4400800968886e-14,3.2289604076891254e-16
