event_index,numero,distance,skewness,area_of_the_energy_parabola,energy_max,Impulsion
1855,1855,57.3311549529101,2.1090645319145764,8.612036710827304e-12,2.5939158733032536e-13,1.1298198450582743e-14
