event_index,numero,distance,skewness,area_of_the_energy_parabola,energy_max,Impulsion
1954,1954,118.12611880975528,0.5072450500076022,6.285550099742901e-12,1.3452771915661774e-13,2.041318496754657e-15
