event_index,numero,distance,skewness,area_of_the_energy_parabola,energy_max,Impulsion
581,581,352.6263550791101,0.901783090759671,4.809308710478195e-10,5.517525916799357e-12,5.414230259485862e-14
