event_index,numero,distance,skewness,area_of_the_energy_parabola,energy_max,Impulsion
1500,1500,186.0024903614573,2.5630185617699057,7.300328800574149e-11,1.696261052478359e-12,2.5193945330766488e-14
