event_index,numero,distance,skewness,area_of_the_energy_parabola,energy_max,Impulsion
2006,2006,177.08826425018177,2.195520736811428,9.039631329938209e-11,1.98634462286666e-12,2.8333979166002156e-14
