event_index,numero,distance,skewness,area_of_the_energy_parabola,energy_max,Impulsion
1799,1799,112.76024332776518,0.8479206173034982,3.932732845907904e-11,1.722973539813746e-12,7.48395395856077e-14
