event_index,numero,distance,skewness,area_of_the_energy_parabola,energy_max,Impulsion
1666,1666,29.28492900815511,0.5593534639026067,7.06279359326548e-11,3.4765006284176784e-12,1.887865747481605e-13
