event_index,numero,distance,skewness,area_of_the_energy_parabola,energy_max,Impulsion
631,631,394.02195717366146,0.775103094807949,3.967055775844539e-07,7.334521998778556e-09,7.166991348247047e-11
