event_index,numero,distance,skewness,area_of_the_energy_parabola,energy_max,Impulsion
860,860,146.23331132060184,0.7090389878228069,5.980058338018695e-09,1.5211728327218464e-10,5.993382398950862e-12
