event_index,numero,distance,skewness,area_of_the_energy_parabola,energy_max,Impulsion
1150,1150,120.29632510326765,1.0885199853705767,1.336335254291204e-13,1.843995805110596e-15,3.014313357803498e-17
