event_index,numero,distance,skewness,area_of_the_energy_parabola,energy_max,Impulsion
53,53,194.11568285417192,0.9995098861842889,9.928255378903688e-09,2.77992929376884e-10,6.168687988811338e-12
