event_index,numero,distance,skewness,area_of_the_energy_parabola,energy_max,Impulsion
1440,1440,12.378375266999615,-0.024383641130492364,1.214589662658219e-08,6.942761504633997e-10,4.14892060021782e-11
