event_index,numero,distance,skewness,area_of_the_energy_parabola,energy_max,Impulsion
1379,1379,110.93269362315246,1.1176472020378132,3.047847901066195e-11,7.679469177118096e-13,1.11310493571269e-14
