event_index,numero,distance,skewness,area_of_the_energy_parabola,energy_max,Impulsion
868,868,327.74270451910587,0.527850669828648,4.862519768466154e-09,9.996754073295096e-11,6.1658914491548174e-12
