event_index,numero,distance,skewness,area_of_the_energy_parabola,energy_max,Impulsion
1667,1667,183.51356554591572,2.352701239459738,1.900277470948362e-12,3.218494944812038e-14,3.2641184062512787e-16
