event_index,numero,distance,skewness,area_of_the_energy_parabola,energy_max,Impulsion
1818,1818,186.5296028349441,1.2308257042940083,3.2321949888833064e-11,5.314428326565648e-13,2.0128789580421304e-14
