event_index,numero,distance,skewness,area_of_the_energy_parabola,energy_max,Impulsion
761,761,92.36605155614298,2.0653320603527434,2.1365802677734865e-06,3.646967358337886e-08,4.261690681274195e-10
