event_index,numero,distance,skewness,area_of_the_energy_parabola,energy_max,Impulsion
884,884,18.775653065849305,0.657707268307485,2.6531267894430916e-08,5.795362018225909e-10,1.6130173883110446e-11
