event_index,numero,distance,skewness,area_of_the_energy_parabola,energy_max,Impulsion
1183,1183,107.87632450025686,1.3336339888748148,3.253454105498344e-12,6.88158684459487e-14,7.220081887185521e-16
