event_index,numero,distance,skewness,area_of_the_energy_parabola,energy_max,Impulsion
1551,1551,112.71602591627929,1.7959880334851654,2.8194392233042025e-12,7.757733082121312e-14,9.557781551066773e-16
