event_index,numero,distance,skewness,area_of_the_energy_parabola,energy_max,Impulsion
7,7,512.6578215359568,1.4255014358178388,3.1697717997572724e-10,3.3460246842881908e-12,2.4049659255006038e-14
