event_index,numero,distance,skewness,area_of_the_energy_parabola,energy_max,Impulsion,Signal duration
1664,1664,194.5025432876279,0.9128004661844178,6.970761314191588e-10,1.3153401223600536e-11,2.5125329109839823e-13,140.0
