event_index,numero,distance,skewness,area_of_the_energy_parabola,energy_max,Impulsion
1284,1284,109.68259149606706,0.6811145278108632,1.1220066597781929e-11,2.592889283656109e-13,5.573482785376726e-15
