event_index,numero,distance,skewness,area_of_the_energy_parabola,energy_max,Impulsion
1456,1456,100.42241215648839,0.6781374739353634,2.967480736011929e-11,1.10442147396115e-12,4.8666439066889075e-14
