event_index,numero,distance,skewness,area_of_the_energy_parabola,energy_max,Impulsion
1303,1303,10.98057651185753,0.09003676370898193,6.103682066615806e-09,3.397393334930066e-10,2.0475625207050333e-11
