event_index,numero,distance,skewness,area_of_the_energy_parabola,energy_max,Impulsion
125,125,488.9473178218781,1.1417899360582155,1.6772681029451483e-08,5.003265190481207e-10,1.3335884412236762e-11
