event_index,numero,distance,skewness,area_of_the_energy_parabola,energy_max,Impulsion
1866,1866,89.49804119242694,-0.8020892407788965,2.802341873458039e-11,1.6813873657032002e-12,1.089747758270494e-13
