event_index,numero,distance,skewness,area_of_the_energy_parabola,energy_max,Impulsion
1027,1027,30.085923594730694,2.582578778257578,1.235938976781912e-11,2.511829509993528e-13,2.2854886757248806e-15
