event_index,numero,distance,skewness,area_of_the_energy_parabola,energy_max,Impulsion
1000,1000,74.1971503510448,0.20619456764914532,7.474429964985879e-05,4.308971148290177e-06,2.7988010082138646e-07
