event_index,numero,distance,skewness,area_of_the_energy_parabola,energy_max,Impulsion
1803,1803,108.907631048168,1.0907338622868208,5.3432159129020035e-11,1.462807199119746e-12,1.773975566669595e-14
