event_index,numero,distance,skewness,area_of_the_energy_parabola,energy_max,Impulsion
1406,1406,111.64674234496374,1.2584611340517895,4.2601706414503665e-11,1.0265939935969129e-12,1.2959477772954551e-14
