event_index,numero,distance,skewness,area_of_the_energy_parabola,energy_max,Impulsion
1096,1096,110.95271053898357,1.6406709880220884,7.976010466951238e-13,1.9065931849502415e-14,1.8295968370202054e-16
