event_index,numero,distance,skewness,area_of_the_energy_parabola,energy_max,Impulsion
1674,1674,107.14798576880126,0.7840008882738573,1.4340038817724794e-12,3.2282450202324113e-14,8.277474935304068e-16
