event_index,numero,distance,skewness,area_of_the_energy_parabola,energy_max,Impulsion
1580,1580,99.88546462798402,0.047982479396329554,1.0464189911446506e-11,6.226714400220938e-13,2.993567026021961e-14
