event_index,numero,distance,skewness,area_of_the_energy_parabola,energy_max,Impulsion
1119,1119,119.2724324776969,0.9599474214682046,9.386669796802082e-12,1.8234004821931853e-13,2.0749473972388247e-15
