event_index,numero,distance,skewness,area_of_the_energy_parabola,energy_max,Impulsion
454,454,183.05109846751216,0.9410930455696455,7.359616202944419e-06,1.1829767330785466e-07,2.520847330802948e-09
