event_index,numero,distance,skewness,area_of_the_energy_parabola,energy_max,Impulsion
962,962,105.53100531796653,0.987268351262476,2.7577058181009854e-06,9.878499936303413e-08,3.672106249403842e-09
