event_index,numero,distance,skewness,area_of_the_energy_parabola,energy_max,Impulsion
3,3,232.02325920167158,2.2501755303824855,4.444638994913526e-09,1.1423083408864292e-10,4.2256269363223225e-12
