event_index,numero,distance,skewness,area_of_the_energy_parabola,energy_max,Impulsion
1072,1072,9.525143268034943,0.2391507151670108,9.079878016911842e-09,5.202356759572843e-10,3.177280343232747e-11
