event_index,numero,distance,skewness,area_of_the_energy_parabola,energy_max,Impulsion,Durée du signal
1689,1689,113.53442856806224,0.469455168956987,4.7200176846518096e-15,2.535690122280586e-17,1.718522361250824e-19,344.0
