event_index,numero,distance,skewness,area_of_the_energy_parabola,energy_max,Impulsion
1632,1632,116.49648709223958,1.4103245787987524,1.8239820396536194e-11,5.079913055416016e-13,8.416651134073958e-15
