event_index,numero,distance,skewness,area_of_the_energy_parabola,energy_max,Impulsion
1893,1893,52.73260665744026,1.0765932642676606,1.9380491482932693e-11,6.843798613174967e-13,3.283814197394031e-14
