event_index,numero,distance,skewness,area_of_the_energy_parabola,energy_max,Impulsion
447,447,202.2893082363272,1.7329824899662511,1.4955801043495096e-05,4.258981580293522e-07,9.020085280567793e-09
