event_index,numero,distance,skewness,area_of_the_energy_parabola,energy_max,Impulsion
1129,1129,110.66556385436358,1.1790300236986648,1.7921990625396836e-11,4.734093233453412e-13,8.21492434183692e-15
