event_index,numero,distance,skewness,area_of_the_energy_parabola,energy_max,Impulsion
933,933,507.6521167695757,0.7956880973838124,8.053543894660524e-07,1.331240014763549e-08,2.0748655018855076e-10
