event_index,numero,distance,skewness,area_of_the_energy_parabola,energy_max,Impulsion
809,809,458.7880847407816,2.325848191602067,3.053386799836869e-06,7.503119967208231e-08,1.0739009216139761e-09
