event_index,numero,distance,skewness,area_of_the_energy_parabola,energy_max,Impulsion,Durée du signal
1048,1048,163.613005769501,0.770875076360014,6.590210416746296e-10,8.20796701175858e-12,5.010817079451632e-14,208.0
