event_index,numero,distance,skewness,area_of_the_energy_parabola,energy_max,Impulsion,Durée du signal
842,842,25.721242272563725,0.4079352113631312,6.643481129947942e-11,2.6387803704325627e-12,1.7725720825306013e-13,56.0
