event_index,numero,distance,skewness,area_of_the_energy_parabola,energy_max,Impulsion
805,805,449.5660928963957,0.8651661716790883,5.500874808076237e-10,7.198469490317133e-12,1.08227704596542e-13
