event_index,numero,distance,skewness,area_of_the_energy_parabola,energy_max,Impulsion
1134,1134,109.60517520711039,1.532106484770708,1.3571347056474747e-10,5.223507266309657e-12,1.5852483109953724e-13
