event_index,numero,distance,skewness,area_of_the_energy_parabola,energy_max,Impulsion
864,864,337.00513202897173,1.5733083539069703,3.22577546512778e-08,7.990333065663046e-10,2.507227272898817e-11
