event_index,numero,distance,skewness,area_of_the_energy_parabola,energy_max,Impulsion
1423,1423,118.97649373977373,0.20166005726258987,2.1482889129984722e-11,3.338846781839631e-13,5.993589372363664e-15
