event_index,numero,distance,skewness,area_of_the_energy_parabola,energy_max,Impulsion
1614,1614,56.08196097884445,1.2143539586075012,1.2774204829992292e-11,4.2851210003095814e-13,2.0101887915354763e-14
