event_index,numero,distance,skewness,area_of_the_energy_parabola,energy_max,Impulsion
1153,1153,113.93790970481501,0.08001718342062353,4.05227285097357e-12,6.581479489827448e-14,3.803365128048838e-15
