event_index,numero,distance,skewness,area_of_the_energy_parabola,energy_max,Impulsion
1169,1169,98.49659581351325,0.5529107077598527,6.119990900445282e-11,1.3487189100807414e-12,1.992796430667064e-14
