event_index,numero,distance,skewness,area_of_the_energy_parabola,energy_max,Impulsion
606,606,303.63353182233317,1.103358937097417,4.5684101837435915e-10,5.616360585515391e-12,7.808101927308481e-14
