event_index,numero,distance,skewness,area_of_the_energy_parabola,energy_max,Impulsion
816,816,74.05661729807007,0.10565897115085914,1.2690629546466897e-06,4.711270711624546e-08,1.891287852627746e-09
