event_index,numero,distance,skewness,area_of_the_energy_parabola,energy_max,Impulsion
1825,1825,94.89063406319502,0.3087288674108797,2.8506058148986065e-11,1.6685718303544886e-12,1.1081959709090255e-13
