event_index,numero,distance,skewness,area_of_the_energy_parabola,energy_max,Impulsion
1938,1938,98.74145167831745,0.9554426572391044,5.2179674336840754e-11,1.7226433262228604e-12,3.083474032107118e-14
