event_index,numero,distance,skewness,area_of_the_energy_parabola,energy_max,Impulsion
65,65,539.2471160508828,0.6467680239784683,9.408324742841533e-09,1.5059551782069042e-10,1.84535733928459e-12
