event_index,numero,distance,skewness,area_of_the_energy_parabola,energy_max,Impulsion
786,786,83.7068945458717,0.6412348622613774,3.230038390845417e-17,2.264008476572086e-19,9.258483539090295e-22
