event_index,numero,distance,skewness,area_of_the_energy_parabola,energy_max,Impulsion
1243,1243,130.37206602828854,0.8879276389241858,8.379453116602011e-12,1.6675152481355998e-13,1.6566079372943158e-15
