event_index,numero,distance,skewness,area_of_the_energy_parabola,energy_max,Impulsion
1018,1018,439.93563881120326,1.8597590283831833,1.0706800033661293e-09,3.187722164017184e-11,4.704281910890338e-13
