event_index,numero,distance,skewness,area_of_the_energy_parabola,energy_max,Impulsion
1438,1438,92.45114023993455,1.7585312693312534,1.0694500008719536e-11,3.8158499096818623e-13,2.122203482218856e-14
