event_index,numero,distance,skewness,area_of_the_energy_parabola,energy_max,Impulsion
1523,1523,92.5408463738266,-0.15225836744792343,2.1537288524226313e-11,1.2795697096468972e-12,8.76484129779804e-14
