event_index,numero,distance,skewness,area_of_the_energy_parabola,energy_max,Impulsion
2011,2011,114.46116801939445,0.8812997654038729,3.65844455185156e-11,1.5816464873015264e-12,6.799918741676735e-14
