event_index,numero,distance,skewness,area_of_the_energy_parabola,energy_max,Impulsion
1710,1710,114.60629486225346,0.9972908985656511,2.319849273037171e-11,5.138417818268572e-13,5.6644236760044605e-15
