event_index,numero,distance,skewness,area_of_the_energy_parabola,energy_max,Impulsion
592,592,355.9641824691608,0.7747507438433808,5.0181286949333495e-09,5.815949788352352e-11,9.052378098502869e-13
