event_index,numero,distance,skewness,area_of_the_energy_parabola,energy_max,Impulsion
1994,1994,101.90248569170397,1.4491721565681988,1.2471454330858097e-11,4.558177289417791e-13,1.468514518570925e-14
