event_index,numero,distance,skewness,area_of_the_energy_parabola,energy_max,Impulsion
264,264,37.605608480310444,-0.7524530575419169,7.132074042071144e-06,7.126263259102475e-07,4.758628803447573e-08
