event_index,numero,distance,skewness,area_of_the_energy_parabola,energy_max,Impulsion
1266,1266,9.206882668739391,-0.3050791008554689,4.962340812496712e-10,2.962621319902753e-11,2.0265202458609076e-12
