event_index,numero,distance,skewness,area_of_the_energy_parabola,energy_max,Impulsion
1172,1172,114.78662130313316,0.10364241027776021,1.011062787469941e-11,1.8133385625092662e-13,2.34219768110224e-15
