event_index,numero,distance,skewness,area_of_the_energy_parabola,energy_max,Impulsion
1856,1856,54.397168046423424,1.231075841360715,2.980116501186207e-11,1.0498268935658093e-12,4.9592208923243663e-14
