event_index,numero,distance,skewness,area_of_the_energy_parabola,energy_max,Impulsion
800,800,433.30690873899397,0.8330832248548604,2.512057940211657e-08,4.0193752311695337e-10,5.880226497188893e-12
