event_index,numero,distance,skewness,area_of_the_energy_parabola,energy_max,Impulsion
1279,1279,102.94151477196115,0.6742432479691253,1.135051119447393e-11,2.551119946648454e-13,2.8198379849976118e-15
