event_index,numero,distance,skewness,area_of_the_energy_parabola,energy_max,Impulsion,Durée du signal
1290,1290,124.17346426985533,1.0008479855572754,2.321326886691572e-08,6.0858516539138e-10,1.5196742449517952e-11,110.0
