event_index,numero,distance,skewness,area_of_the_energy_parabola,energy_max,Impulsion
1737,1737,107.40521990215036,0.9536437275922242,6.192400226478737e-13,7.868292089560344e-15,1.1365634861602e-16
