event_index,numero,distance,skewness,area_of_the_energy_parabola,energy_max,Impulsion
1349,1349,100.170541089733,1.4202072260890668,8.839820809587767e-12,2.221907417531455e-13,5.0054121038701925e-15
