event_index,numero,distance,skewness,area_of_the_energy_parabola,energy_max,Impulsion
1430,1430,49.44364666047043,1.0216994523275957,9.275504577912587e-12,3.0318073834428887e-13,1.443458238073744e-14
