event_index,numero,distance,skewness,area_of_the_energy_parabola,energy_max,Impulsion
1314,1314,98.86844257918125,0.7798519158833445,1.055948260583522e-09,2.8958986501139033e-11,3.089542180114417e-13
