event_index,numero,distance,skewness,area_of_the_energy_parabola,energy_max,Impulsion
1750,1750,128.0343674614663,0.3352483821387537,1.5905760521783322e-11,2.715402007001921e-13,5.7730343106318735e-15
