event_index,numero,distance,skewness,area_of_the_energy_parabola,energy_max,Impulsion
268,268,169.14172338702053,1.8138507756005975,5.797958679922925e-08,1.2666928334534188e-09,5.005444505241513e-11
