event_index,numero,distance,skewness,area_of_the_energy_parabola,energy_max,Impulsion
1025,1025,32.31434026779209,0.9909474595655833,1.8084370977806682e-10,6.728648818717193e-12,3.907599529146559e-13
