event_index,numero,distance,skewness,area_of_the_energy_parabola,energy_max,Impulsion
1166,1166,108.85630331393762,1.905079520054033,6.855947089757367e-12,2.342072506367416e-13,2.8762003004689688e-15
