event_index,numero,distance,skewness,area_of_the_energy_parabola,energy_max,Impulsion,Signal duration
1612,1612,18.051481399710337,0.9017327386390254,3.50631964622159e-08,1.2784900782506602e-09,5.083268767236215e-11,80.0
