event_index,numero,distance,skewness,area_of_the_energy_parabola,energy_max,Impulsion
1519,1519,112.1749251336706,-0.1463939163468321,2.3771575506503715e-11,6.824789576056595e-13,1.5094102929918466e-14
