event_index,numero,distance,skewness,area_of_the_energy_parabola,energy_max,Impulsion
1714,1714,107.91698088784604,0.6910882666438641,3.14477859948916e-11,1.1991284585433212e-12,5.6587383661913634e-14
