event_index,numero,distance,skewness,area_of_the_energy_parabola,energy_max,Impulsion
1549,1549,110.4459922498483,0.48975360833734555,1.5361407989836074e-11,3.3190944159548367e-13,6.294033409261196e-15
