event_index,numero,distance,skewness,area_of_the_energy_parabola,energy_max,Impulsion
1260,1260,107.58068287180643,1.7695617632716105,3.3121233327466987e-11,1.079845445319912e-12,2.3662677827612348e-14
