event_index,numero,distance,skewness,area_of_the_energy_parabola,energy_max,Impulsion
1399,1399,117.7606217720529,1.2164945265284335,4.4410013070699624e-11,1.35288960232504e-12,3.4200743636751105e-14
