event_index,numero,distance,skewness,area_of_the_energy_parabola,energy_max,Impulsion
1657,1657,121.59389811746793,0.9835896116209808,2.6941186505746064e-11,6.679749367653028e-13,7.370973975525978e-15
