event_index,numero,distance,skewness,area_of_the_energy_parabola,energy_max,Impulsion
909,909,93.4170337665612,1.1004847205039519,2.106465453037625e-06,7.707647331355282e-08,2.0495422688550178e-09
