event_index,numero,distance,skewness,area_of_the_energy_parabola,energy_max,Impulsion
331,331,48.33162902037303,0.1911756193984249,4.8524006173468554e-05,2.7035943647650835e-06,1.4292963917073282e-07
