event_index,numero,distance,skewness,area_of_the_energy_parabola,energy_max,Impulsion
1121,1121,100.04107217463832,0.1363815249391113,1.6617090792724408e-11,7.755018430131585e-13,4.1801703945011395e-14
