event_index,numero,distance,skewness,area_of_the_energy_parabola,energy_max,Impulsion
1146,1146,109.03476239956689,1.7405588741500788,5.486812912158858e-11,1.6196489496498965e-12,1.8486839394245827e-14
