event_index,numero,distance,skewness,area_of_the_energy_parabola,energy_max,Impulsion,Durée du signal
460,460,168.9987306580926,0.41793286717786027,3.4995686087601717e-10,7.110486831460253e-12,1.4062280003491646e-13,108.0
