event_index,numero,distance,skewness,area_of_the_energy_parabola,energy_max,Impulsion
1335,1335,107.47934104084257,0.5760170218075643,1.8274752432488244e-12,4.242811127766802e-14,6.908130800120325e-16
