event_index,numero,distance,skewness,area_of_the_energy_parabola,energy_max,Impulsion
128,128,363.6525636692906,0.5464030601634414,4.766838645542101e-08,1.1132062298268892e-09,1.7603890279835763e-11
