event_index,numero,distance,skewness,area_of_the_energy_parabola,energy_max,Impulsion
1030,1030,104.37093888683397,0.7009483498160168,3.911744544808783e-11,9.982074861904907e-13,1.16565545192901e-14
