event_index,numero,distance,skewness,area_of_the_energy_parabola,energy_max,Impulsion
1480,1480,118.99486488010507,1.5986704639612317,9.632291920707467e-13,2.297655338808149e-14,2.47119778198092e-16
