event_index,numero,distance,skewness,area_of_the_energy_parabola,energy_max,Impulsion,Durée du signal
1327,1327,166.12913595421588,0.8911198173748441,3.772755687066525e-09,7.440454785826092e-11,1.838016271772958e-12,140.0
