event_index,numero,distance,skewness,area_of_the_energy_parabola,energy_max,Impulsion
812,812,47.069737513343156,0.9655890651939117,1.6884764097070079e-07,4.0732931205551895e-09,1.609987402649858e-10
