event_index,numero,distance,skewness,area_of_the_energy_parabola,energy_max,Impulsion
1085,1085,116.89458083249777,0.48884661433532184,1.1623591800801565e-11,3.5106921336462784e-13,8.042572204512075e-15
