event_index,numero,distance,skewness,area_of_the_energy_parabola,energy_max,Impulsion
1464,1464,117.48093775293734,0.9013873277188226,1.511669415008557e-11,3.922030563891711e-13,1.0231885110496838e-14
