event_index,numero,distance,skewness,area_of_the_energy_parabola,energy_max,Impulsion
1109,1109,114.77125958960107,0.8318437960596171,1.9392346211805875e-12,4.354722431118815e-14,4.689567560294558e-16
