event_index,numero,distance,skewness,area_of_the_energy_parabola,energy_max,Impulsion
1443,1443,86.25342683975445,1.5947520199934377,4.836323748349812e-10,1.729161647321801e-11,1.0219367162889506e-12
