event_index,numero,distance,skewness,area_of_the_energy_parabola,energy_max,Impulsion
441,441,217.9679509067152,2.4285947749194965,1.8076855673570823e-06,3.5711513479714776e-08,3.3284314372942345e-10
