event_index,numero,distance,skewness,area_of_the_energy_parabola,energy_max,Impulsion,Durée du signal
1630,1630,182.97613151185948,0.1752319823637253,2.1845366163353357e-11,6.162136590099783e-13,1.8318331394777597e-14,76.0
