event_index,numero,distance,skewness,area_of_the_energy_parabola,energy_max,Impulsion
1441,1441,115.7351910423498,0.9215204510427016,1.425666288957233e-11,3.3904281888355397e-13,8.078179276536735e-15
