event_index,numero,distance,skewness,area_of_the_energy_parabola,energy_max,Impulsion
371,371,149.55282777235297,0.15920074818108323,1.3587004919227728e-07,3.4679567648771335e-09,7.382587769335223e-11
