event_index,numero,distance,skewness,area_of_the_energy_parabola,energy_max,Impulsion
190,190,60.537961004893155,0.5883002096664691,4.5241347361772275e-06,1.0369151843434317e-07,1.6262668393985464e-09
