event_index,numero,distance,skewness,area_of_the_energy_parabola,energy_max,Impulsion
739,739,335.2197257182323,1.35748986371606,2.65634032534365e-10,5.774339813797357e-12,2.5780823200953924e-13
