event_index,numero,distance,skewness,area_of_the_energy_parabola,energy_max,Impulsion
1032,1032,171.7758862219611,1.5284859192486508,3.222291082734473e-11,4.772605919348115e-13,5.376153145939065e-15
