event_index,numero,distance,skewness,area_of_the_energy_parabola,energy_max,Impulsion
240,240,21.745006160108083,1.234500115123309,1.5428272538676685e-06,6.520620320469131e-08,2.0985933896281834e-09
