event_index,numero,distance,skewness,area_of_the_energy_parabola,energy_max,Impulsion
1936,1936,110.79299097339606,0.9186726941388953,3.9814382699112625e-11,1.7515877952714036e-12,7.638776692439992e-14
