event_index,numero,distance,skewness,area_of_the_energy_parabola,energy_max,Impulsion
1389,1389,29.90652101920161,0.435870960697807,2.07525776040729e-12,6.257648692229366e-14,2.94452160279074e-15
