event_index,numero,distance,skewness,area_of_the_energy_parabola,energy_max,Impulsion
241,241,139.16127336319428,-0.580879012264462,1.349065005180371e-13,8.018244630024752e-15,6.540425569284409e-16
