event_index,numero,distance,skewness,area_of_the_energy_parabola,energy_max,Impulsion
1972,1972,104.6392388936455,0.8984802653102351,5.943483159360771e-12,1.8236166005579473e-13,3.0322075606354405e-15
