event_index,numero,distance,skewness,area_of_the_energy_parabola,energy_max,Impulsion
2025,2025,44.02616366417826,1.285116562003357,3.09702101226786e-11,4.959464822055533e-13,2.884326889918144e-14
