event_index,numero,distance,skewness,area_of_the_energy_parabola,energy_max,Impulsion
1852,1852,52.87162628322341,1.9366230749133715,7.25924309042858e-12,2.2168860975765933e-13,1.175232039685294e-14
