event_index,numero,distance,skewness,area_of_the_energy_parabola,energy_max,Impulsion
1289,1289,113.85327766183325,0.8122085691956129,6.745504813943732e-11,1.626411650035005e-12,2.1256517308365152e-14
