event_index,numero,distance,skewness,area_of_the_energy_parabola,energy_max,Impulsion
1900,1900,54.786973404970894,1.130347514326508,1.3837766337210575e-11,4.654166382011872e-13,2.2089213995214227e-14
