event_index,numero,distance,skewness,area_of_the_energy_parabola,energy_max,Impulsion
1107,1107,111.06817864156774,1.335636048605061,2.0180257225136805e-11,5.539772297256568e-13,1.02177841426586e-14
