event_index,numero,distance,skewness,area_of_the_energy_parabola,energy_max,Impulsion,Signal duration
1602,1602,69.90940574931601,0.49236429919192487,1.6825877803415304e-07,3.5044640812056804e-09,1.7005102458153596e-10,136.0
