event_index,numero,distance,skewness,area_of_the_energy_parabola,energy_max,Impulsion
1291,1291,114.21729649019457,1.0851814250195986,7.816862846654331e-12,1.7863374507839964e-13,4.2527151757072385e-15
