event_index,numero,distance,skewness,area_of_the_energy_parabola,energy_max,Impulsion,Signal duration
1067,1067,92.06381933253616,0.8420667800470143,1.8123774284555944e-10,4.3146793177528905e-12,1.3610790245528911e-13,122.0
