event_index,numero,distance,skewness,area_of_the_energy_parabola,energy_max,Impulsion
1671,1671,104.24255631388716,0.24469152978250333,1.732268017553746e-11,2.6340825903056464e-13,5.28771330170626e-15
