event_index,numero,distance,skewness,area_of_the_energy_parabola,energy_max,Impulsion
1450,1450,114.38783140854026,0.8182438338095356,4.327016119495903e-12,9.495807359925516e-14,1.1585464946607294e-15
