event_index,numero,distance,skewness,area_of_the_energy_parabola,energy_max,Impulsion
1817,1817,86.06899773327022,-1.0881645828007585,3.525741850439316e-11,2.1283714764537697e-12,1.25185128724522e-13
