event_index,numero,distance,skewness,area_of_the_energy_parabola,energy_max,Impulsion
948,948,85.19823645092974,0.914504848995207,5.289159336964046e-06,1.4610157968525942e-07,4.65807119560935e-09
