event_index,numero,distance,skewness,area_of_the_energy_parabola,energy_max,Impulsion
1391,1391,171.88594220808332,2.7672858156769067,6.13493990056982e-11,1.4135662816606948e-12,2.022181995468934e-14
