event_index,numero,distance,skewness,area_of_the_energy_parabola,energy_max,Impulsion,Signal duration
1670,1670,181.7586431455299,1.2149554048110194,7.799883097385935e-08,3.6366935473566357e-09,1.840356705493235e-10,70.0
