event_index,numero,distance,skewness,area_of_the_energy_parabola,energy_max,Impulsion
1790,1790,100.85086780503359,1.3890319499321522,5.81790135633086e-11,1.4879677310147554e-12,1.7128538916720197e-14
