event_index,numero,distance,skewness,area_of_the_energy_parabola,energy_max,Impulsion
1815,1815,84.52736739722823,-0.12015578755243778,2.6225172030699384e-11,1.5405187098587429e-12,1.0500575136806628e-13
