event_index,numero,distance,skewness,area_of_the_energy_parabola,energy_max,Impulsion
1353,1353,168.07662117651952,1.9876435898016152,1.6395344827322513e-11,3.005464699450458e-13,4.120274856839056e-15
