event_index,numero,distance,skewness,area_of_the_energy_parabola,energy_max,Impulsion
1652,1652,93.55966388755012,-0.20462035895849381,1.4616052695512564e-11,8.810501925130699e-13,4.3450234676317656e-14
