event_index,numero,distance,skewness,area_of_the_energy_parabola,energy_max,Impulsion
551,551,159.15588299289456,1.2436591260094205,9.000375651931738e-07,3.989718789984832e-08,1.478339136359935e-09
