event_index,numero,distance,skewness,area_of_the_energy_parabola,energy_max,Impulsion
1812,1812,14.584605767419198,-1.0826254179969927,2.644164243100393e-09,1.6004398261032126e-10,1.0950437089833028e-11
