event_index,numero,distance,skewness,area_of_the_energy_parabola,energy_max,Impulsion
1733,1733,114.21804502661783,1.1318194159388564,1.2916693320848651e-11,3.322912920444162e-13,5.43826064141035e-15
