event_index,numero,distance,skewness,area_of_the_energy_parabola,energy_max,Impulsion
1838,1838,54.916372606930416,1.0836660649271908,2.1634959345738555e-11,7.60387407858832e-13,3.835564010498334e-14
