event_index,numero,distance,skewness,area_of_the_energy_parabola,energy_max,Impulsion
1380,1380,111.6049571233142,0.9074372971844792,1.659279499617212e-11,3.9547459197415743e-13,5.878461530091459e-15
