event_index,numero,distance,skewness,area_of_the_energy_parabola,energy_max,Impulsion
1937,1937,102.09758187192875,-0.004892002754389031,1.5021645382467183e-11,8.769508146176404e-13,5.896515620404977e-14
