event_index,numero,distance,skewness,area_of_the_energy_parabola,energy_max,Impulsion
1609,1609,54.546761699991045,1.122225987603382,1.0143067962370084e-11,3.320281230923329e-13,1.571626534215486e-14
