event_index,numero,distance,skewness,area_of_the_energy_parabola,energy_max,Impulsion
664,664,377.53703241985386,1.9625809878656022,2.6989130819101155e-08,9.222941157554027e-10,1.6820136445868943e-11
