event_index,numero,distance,skewness,area_of_the_energy_parabola,energy_max,Impulsion
510,510,411.57563550861425,0.5116797488769058,4.994353557291093e-11,7.546545894963295e-13,4.05876191189715e-14
