event_index,numero,distance,skewness,area_of_the_energy_parabola,energy_max,Impulsion
182,182,373.4538172011375,1.0210639549635327,4.1505730229917695e-09,1.0431218184107324e-10,1.7727608699618235e-12
