event_index,numero,distance,skewness,area_of_the_energy_parabola,energy_max,Impulsion
811,811,58.13403854595725,1.597360966530955,2.769044476165508e-07,1.1863246935077877e-08,7.009929579029065e-10
