event_index,numero,distance,skewness,area_of_the_energy_parabola,energy_max,Impulsion
1251,1251,120.0055964559292,0.5642855155499982,1.867839000273799e-11,5.194567421575594e-13,2.482467305104741e-14
