event_index,numero,distance,skewness,area_of_the_energy_parabola,energy_max,Impulsion
1230,1230,113.2961481751871,1.546692846090248,8.218842268181453e-12,2.200357010913992e-13,4.0690366720562e-15
