event_index,numero,distance,skewness,area_of_the_energy_parabola,energy_max,Impulsion
1063,1063,110.58273404414427,2.39933129565916,3.8808058747578343e-11,1.1227215002013185e-12,5.562189673987363e-15
