event_index,numero,distance,skewness,area_of_the_energy_parabola,energy_max,Impulsion
1779,1779,89.40322869919265,-0.9725600857869835,4.966887139956891e-11,2.9277458113480338e-12,2.0415162766820167e-13
