event_index,numero,distance,skewness,area_of_the_energy_parabola,energy_max,Impulsion
1242,1242,113.24272660008837,1.0681937811681457,3.7726625708519303e-11,1.03858531025285e-12,3.836618475034214e-14
