event_index,numero,distance,skewness,area_of_the_energy_parabola,energy_max,Impulsion
1769,1769,135.04402180738757,0.5502423942488471,2.9159530542637583e-11,5.505577842271528e-13,1.2330941912987497e-14
