event_index,numero,distance,skewness,area_of_the_energy_parabola,energy_max,Impulsion
1908,1908,114.02119341413635,1.596893751316411,4.860743936456778e-12,1.5476923275189457e-13,2.198744348690935e-15
