event_index,numero,distance,skewness,area_of_the_energy_parabola,energy_max,Impulsion
218,218,98.77721501630717,1.3036347613217665,3.8998249682373076e-06,1.0187876120951074e-07,2.807634154253201e-09
