event_index,numero,distance,skewness,area_of_the_energy_parabola,energy_max,Impulsion
959,959,80.28915424858255,1.0204713501689602,3.069981127720774e-06,1.2537044763381985e-07,7.564130265573488e-09
