event_index,numero,distance,skewness,area_of_the_energy_parabola,energy_max,Impulsion
1315,1315,123.66253289027284,-0.055622097151142656,2.427185919642936e-11,6.918412577399039e-13,4.052665380620566e-14
