event_index,numero,distance,skewness,area_of_the_energy_parabola,energy_max,Impulsion
377,377,107.45236253153115,0.9300734423732051,1.6788168664323132e-06,6.113572027953568e-08,2.055345150971368e-09
