event_index,numero,distance,skewness,area_of_the_energy_parabola,energy_max,Impulsion
973,973,179.86437115619572,1.325144005521922,2.417637677835995e-08,3.981766395192341e-10,7.363531187464899e-12
