event_index,numero,distance,skewness,area_of_the_energy_parabola,energy_max,Impulsion
842,842,63.93714473472622,0.3252198907039143,2.2392535458467566e-18,1.2009220884581572e-20,8.961955425114294e-23
