event_index,numero,distance,skewness,area_of_the_energy_parabola,energy_max,Impulsion
1148,1148,180.21438015320032,1.7667494101453747,5.702103453851643e-11,9.185827349057672e-13,1.0668445262075202e-14
