event_index,numero,distance,skewness,area_of_the_energy_parabola,energy_max,Impulsion
1684,1684,103.77315145189868,0.8434322100564988,2.4238720803578587e-11,5.255833915255266e-13,1.0668321432636134e-14
