event_index,numero,distance,skewness,area_of_the_energy_parabola,energy_max,Impulsion
243,243,262.1084740976361,1.7718107844772402,1.9205610420222303e-09,6.257895352631211e-11,1.4333801760116255e-12
