event_index,numero,distance,skewness,area_of_the_energy_parabola,energy_max,Impulsion
1122,1122,102.76255245707776,1.570627395801788,7.023344905206412e-10,2.369701487031371e-11,2.448042457713797e-13
