event_index,numero,distance,skewness,area_of_the_energy_parabola,energy_max,Impulsion
1090,1090,106.32175995516148,1.0369804569418477,9.01785492028166e-11,2.025693192734178e-12,2.0234213284276034e-14
