event_index,numero,distance,skewness,area_of_the_energy_parabola,energy_max,Impulsion
41,41,426.06015064846673,0.5076171135736367,8.752479025976123e-10,8.114716388811177e-12,1.371607730178942e-13
