event_index,numero,distance,skewness,area_of_the_energy_parabola,energy_max,Impulsion
1973,1973,111.19672360280325,0.21646888299760478,1.549171272226573e-11,2.8138721657750275e-13,7.32960546417203e-15
