event_index,numero,distance,skewness,area_of_the_energy_parabola,energy_max,Impulsion
1316,1316,173.03282363125788,1.5503600146449157,4.3787887527345896e-11,7.934273886694447e-13,1.1218762388876016e-14
