event_index,numero,distance,skewness,area_of_the_energy_parabola,energy_max,Impulsion
1055,1055,110.25033248440498,1.308645263346158,1.5160610566676072e-11,3.738685005845858e-13,3.8754340858055295e-15
