event_index,numero,distance,skewness,area_of_the_energy_parabola,energy_max,Impulsion
2019,2019,110.54537135404837,1.3205657509646294,5.427121225834248e-11,1.6296049811047746e-12,2.121765340892597e-14
