event_index,numero,distance,skewness,area_of_the_energy_parabola,energy_max,Impulsion
747,747,305.43426358881396,0.2965315630753475,5.424396337231176e-09,7.828996643131827e-11,6.676878339779239e-13
