event_index,numero,distance,skewness,area_of_the_energy_parabola,energy_max,Impulsion
232,232,48.46322720345297,0.7702928484994339,7.901415049867326e-06,3.1596432275123017e-07,1.2796509084910954e-08
