event_index,numero,distance,skewness,area_of_the_energy_parabola,energy_max,Impulsion
46,46,236.0278060741171,0.7947022819150984,1.648477890926443e-07,2.3179716283757697e-09,4.922930636742323e-11
