event_index,numero,distance,skewness,area_of_the_energy_parabola,energy_max,Impulsion
462,462,184.3135551798431,0.5455902620376099,7.326827672796858e-07,1.384192173786271e-08,2.412018412260852e-10
