event_index,numero,distance,skewness,area_of_the_energy_parabola,energy_max,Impulsion
1945,1945,182.9017378226741,2.5252158573091004,7.568825552270419e-11,1.646592425459304e-12,2.407246284932891e-14
