event_index,numero,distance,skewness,area_of_the_energy_parabola,energy_max,Impulsion
1223,1223,96.60043248386758,1.650730074090588,1.8480602555498538e-09,6.857853494582948e-11,7.305829685709147e-13
