event_index,numero,distance,skewness,area_of_the_energy_parabola,energy_max,Impulsion
168,168,278.063197559591,1.3714343529864217,3.150232374615564e-10,8.664840834134621e-12,5.589770288745954e-13
