event_index,numero,distance,skewness,area_of_the_energy_parabola,energy_max,Impulsion
1996,1996,121.65099953058986,0.6846777651562376,4.00486120925606e-12,6.839495255206994e-14,5.680701985412743e-16
