event_index,numero,distance,skewness,area_of_the_energy_parabola,energy_max,Impulsion
890,890,431.93811320677685,1.9809172480100616,1.5924453750674213e-10,4.80895311721991e-12,2.8690713806237397e-13
