event_index,numero,distance,skewness,area_of_the_energy_parabola,energy_max,Impulsion
1574,1574,123.54839216360399,1.6279006126645943,1.3646151380282664e-12,3.923506745226555e-14,4.15065437011947e-16
