event_index,numero,distance,skewness,area_of_the_energy_parabola,energy_max,Impulsion
1384,1384,107.20454721054487,0.5154212873671153,7.487211966280838e-12,1.3180354319437947e-13,2.2019262675483167e-15
