event_index,numero,distance,skewness,area_of_the_energy_parabola,energy_max,Impulsion,Signal duration
1135,1135,195.81515156490374,0.9102114554918728,3.9088537690915016e-09,8.229494648477742e-11,1.2371399645970156e-12,132.0
