event_index,numero,distance,skewness,area_of_the_energy_parabola,energy_max,Impulsion
1217,1217,129.53319929166574,0.779263558742589,1.4634586033051736e-11,3.1366663276466816e-13,4.21645684986367e-15
