event_index,numero,distance,skewness,area_of_the_energy_parabola,energy_max,Impulsion,Signal duration
954,954,115.67305907016718,1.4378758132738754,2.4226215690681503e-06,9.697058131098204e-08,3.552664797599522e-09,98.0
