event_index,numero,distance,skewness,area_of_the_energy_parabola,energy_max,Impulsion
855,855,529.1232350845835,1.0279731295407895,2.226066785153167e-08,3.5348849232795733e-10,2.822538980157365e-12
