event_index,numero,distance,skewness,area_of_the_energy_parabola,energy_max,Impulsion
1364,1364,110.58273627888569,1.3132236635747514,2.2551352924694742e-11,6.697791891570629e-13,1.1088979037924227e-14
