event_index,numero,distance,skewness,area_of_the_energy_parabola,energy_max,Impulsion
1429,1429,55.93558308770934,1.217287282999403,6.057415921183962e-12,2.0160138044432576e-13,9.750087986530622e-15
