event_index,numero,distance,skewness,area_of_the_energy_parabola,energy_max,Impulsion
344,344,47.91685231158428,0.6736564799232045,5.595213248638749e-07,2.312112996436159e-08,1.243195689056433e-09
