event_index,numero,distance,skewness,area_of_the_energy_parabola,energy_max,Impulsion,Durée du signal
1108,1108,108.28234945324849,0.2482955254783051,3.7814617289548775e-08,1.047253936567803e-09,2.7892650833558096e-11,76.0
