event_index,numero,distance,skewness,area_of_the_energy_parabola,energy_max,Impulsion
1980,1980,107.80055559102155,0.8286864089504081,4.5252214340447537e-11,8.987248239631834e-13,2.2253823918899478e-14
