event_index,numero,distance,skewness,area_of_the_energy_parabola,energy_max,Impulsion
1601,1601,116.46202031180965,1.666191617438108,7.1749939897067836e-12,2.023264572422624e-13,2.471192057526904e-15
