event_index,numero,distance,skewness,area_of_the_energy_parabola,energy_max,Impulsion
390,390,313.7361288150981,1.4920371255210925,3.2501635447549923e-08,5.164323306029361e-10,5.910995641352014e-12
