event_index,numero,distance,skewness,area_of_the_energy_parabola,energy_max,Impulsion
1834,1834,54.57710228999268,1.1619160140874651,4.912408317979662e-12,1.5180267809867615e-13,6.609498080906956e-15
