event_index,numero,distance,skewness,area_of_the_energy_parabola,energy_max,Impulsion
1089,1089,118.21147793067848,0.49466261145715346,1.5345265236663182e-12,2.673019349954822e-14,5.016594487148427e-16
