event_index,numero,distance,skewness,area_of_the_energy_parabola,energy_max,Impulsion
1679,1679,94.86998044726421,-1.1636143953406821,2.498009123188466e-11,1.5214602687676915e-12,6.567522753906227e-14
