event_index,numero,distance,skewness,area_of_the_energy_parabola,energy_max,Impulsion
1906,1906,177.65541956524277,2.0242281036231544,1.2487295809994983e-11,2.2400705808855885e-13,1.073649797306604e-15
