event_index,numero,distance,skewness,area_of_the_energy_parabola,energy_max,Impulsion
745,745,303.49544608250824,1.356861697402785,1.0778600358317952e-07,1.9403128473106844e-09,2.815995451961793e-11
