event_index,numero,distance,skewness,area_of_the_energy_parabola,energy_max,Impulsion
1756,1756,110.7371393250201,1.4237384889933302,5.070816436698366e-11,1.627244882519431e-12,1.871320858118206e-14
