event_index,numero,distance,skewness,area_of_the_energy_parabola,energy_max,Impulsion
313,313,191.22160753753423,0.9572141402644213,1.799360133392478e-09,3.0685978798607394e-11,6.749702882427087e-13
