event_index,numero,distance,skewness,area_of_the_energy_parabola,energy_max,Impulsion
1919,1919,111.09635603236316,0.7715026370153834,1.904013016599089e-11,3.7894580480897566e-13,4.19358197966746e-15
