event_index,numero,distance,skewness,area_of_the_energy_parabola,energy_max,Impulsion
1170,1170,9.297659464836887,0.09232069963896582,9.166045383769768e-10,4.981259115226572e-11,2.8995244455436673e-12
