event_index,numero,distance,skewness,area_of_the_energy_parabola,energy_max,Impulsion
1295,1295,122.85995128063374,1.1312399543345786,2.8838997959111713e-12,7.295408532347049e-14,9.133304639840902e-16
