event_index,numero,distance,skewness,area_of_the_energy_parabola,energy_max,Impulsion
1584,1584,112.86287414679946,-0.29297794785696607,4.49607438961511e-12,5.648176610187841e-14,5.134540815360804e-16
