event_index,numero,distance,skewness,area_of_the_energy_parabola,energy_max,Impulsion
1062,1062,119.70258279414675,1.7527504013366813,3.402292403475214e-11,1.2517159724747139e-12,1.5522466296449133e-14
