event_index,numero,distance,skewness,area_of_the_energy_parabola,energy_max,Impulsion
1914,1914,190.0973902033589,2.756087580202788,3.981010128012497e-12,7.551729604785644e-14,9.120009827434973e-16
