event_index,numero,distance,skewness,area_of_the_energy_parabola,energy_max,Impulsion
1543,1543,175.53480923886153,1.9788536621372141,7.321467602293982e-11,1.5644030653857151e-12,7.329806120097865e-14
