event_index,numero,distance,skewness,area_of_the_energy_parabola,energy_max,Impulsion
319,319,71.33400736680252,1.2786656629415876,1.000835748370515e-05,4.194910363059659e-07,2.4435206623622736e-08
