event_index,numero,distance,skewness,area_of_the_energy_parabola,energy_max,Impulsion
1395,1395,56.109305630777776,1.3159394231198107,5.281297208693132e-12,1.7745822982539296e-13,8.3130454014068e-15
