event_index,numero,distance,skewness,area_of_the_energy_parabola,energy_max,Impulsion
1767,1767,91.05550675390326,2.963559473596568,6.60790647784851e-11,3.2200317701093295e-12,1.7078387891479908e-13
