event_index,numero,distance,skewness,area_of_the_energy_parabola,energy_max,Impulsion
1338,1338,107.83503782924791,0.7210874048599877,4.690259609975569e-12,9.38244406927442e-14,2.112504747804443e-15
