event_index,numero,distance,skewness,area_of_the_energy_parabola,energy_max,Impulsion
358,358,175.0940269750812,0.804811701841552,3.080658021714896e-08,5.470099912484577e-10,1.3289644960067213e-11
