event_index,numero,distance,skewness,area_of_the_energy_parabola,energy_max,Impulsion,Signal duration
1709,1709,174.21489459757228,0.6733152713333159,1.946336253791333e-12,1.2616983581218125e-14,4.514353468041079e-17,326.0
