event_index,numero,distance,skewness,area_of_the_energy_parabola,energy_max,Impulsion
1280,1280,106.9478207847311,1.037760298233472,1.068858408660805e-11,2.841678789801652e-13,5.222350052161906e-15
