event_index,numero,distance,skewness,area_of_the_energy_parabola,energy_max,Impulsion
1274,1274,178.2197903536451,0.8550431777193629,2.2546089677617456e-11,2.342958382128244e-13,2.5619606034652204e-15
