event_index,numero,distance,skewness,area_of_the_energy_parabola,energy_max,Impulsion
1381,1381,113.21305835619151,1.5604688321374085,7.768031323450277e-11,2.340961042904317e-12,6.990952967533343e-14
