event_index,numero,distance,skewness,area_of_the_energy_parabola,energy_max,Impulsion
1458,1458,107.78748739863154,1.3163240637797982,9.46917271527056e-12,2.4784756395483435e-13,3.1196539230267242e-15
