event_index,numero,distance,skewness,area_of_the_energy_parabola,energy_max,Impulsion
1250,1250,114.55828984538775,0.5060649054380011,6.6635559698472355e-12,1.120131970437856e-13,1.295941822748718e-15
