event_index,numero,distance,skewness,area_of_the_energy_parabola,energy_max,Impulsion
465,465,157.09111737667388,2.4344225367134396,2.2535040202095846e-06,5.486922244226274e-08,1.042643519536323e-09
