event_index,numero,distance,skewness,area_of_the_energy_parabola,energy_max,Impulsion,Durée du signal
1805,1805,61.74870511421082,0.27203649430348903,7.144766419640982e-15,3.5910251693660844e-17,4.614399388823698e-19,374.0
