event_index,numero,distance,skewness,area_of_the_energy_parabola,energy_max,Impulsion
1676,1676,100.39130962025476,-1.2192607833577938,1.4686430044686132e-11,8.786011862437529e-13,5.694101714108465e-14
