event_index,numero,distance,skewness,area_of_the_energy_parabola,energy_max,Impulsion
362,362,46.128482671993474,0.8675844486257305,2.3699309038682768e-07,9.838432846070796e-09,6.036220533902556e-10
