event_index,numero,distance,skewness,area_of_the_energy_parabola,energy_max,Impulsion
1959,1959,89.88942905100258,-0.8040561686906473,5.590561955387687e-12,3.3497235163989503e-13,2.0573534218593583e-14
