event_index,numero,distance,skewness,area_of_the_energy_parabola,energy_max,Impulsion
496,496,398.75787678140654,1.1285737816429389,5.5338548370346334e-08,1.264089399361951e-09,1.9798549092705105e-11
