event_index,numero,distance,skewness,area_of_the_energy_parabola,energy_max,Impulsion
1397,1397,113.32928598017573,0.365107133502646,2.412324386079186e-11,3.9283611038420053e-13,4.336752333672438e-15
