event_index,numero,distance,skewness,area_of_the_energy_parabola,energy_max,Impulsion
1026,1026,32.31434026779209,1.183495751032711,2.1431947619494853e-10,8.656521432516857e-12,5.090372184258239e-13
