event_index,numero,distance,skewness,area_of_the_energy_parabola,energy_max,Impulsion
1672,1672,118.99306051841572,0.8782817013653976,5.143121382144028e-11,1.365531056406206e-12,1.664635902541251e-14
