event_index,numero,distance,skewness,area_of_the_energy_parabola,energy_max,Impulsion
120,120,97.00735795333826,1.6645098697907668,5.969668043081007e-14,1.1382135454471167e-15,2.931525268666444e-17
