event_index,numero,distance,skewness,area_of_the_energy_parabola,energy_max,Impulsion
1578,1578,107.65458472845926,0.5084721240961904,2.52691651216407e-11,4.3693311113337284e-13,8.518739537816757e-15
