event_index,numero,distance,skewness,area_of_the_energy_parabola,energy_max,Impulsion
279,279,324.0979813172815,1.375501394225705,5.189825356586308e-07,1.2318588769560902e-08,2.1719650330720272e-10
