event_index,numero,distance,skewness,area_of_the_energy_parabola,energy_max,Impulsion
755,755,268.9452991984352,0.7827782702011404,7.105966819880823e-08,1.062438674634071e-09,1.446409596284583e-11
