event_index,numero,distance,skewness,area_of_the_energy_parabola,energy_max,Impulsion
203,203,47.5760174283958,0.8882902078081535,9.967770234396921e-06,4.121604421823318e-07,2.224552314945545e-08
