event_index,numero,distance,skewness,area_of_the_energy_parabola,energy_max,Impulsion
136,136,480.14318533084526,1.5833012467099743,2.5999679765258433e-07,5.7950851119770275e-09,8.314491297789857e-11
