event_index,numero,distance,skewness,area_of_the_energy_parabola,energy_max,Impulsion
1507,1507,109.62396249017415,0.05906693682608915,5.1915056008662934e-12,1.0659902853219001e-13,1.5260264268455633e-15
