event_index,numero,distance,skewness,area_of_the_energy_parabola,energy_max,Impulsion
1321,1321,114.31373957259297,1.5340782854041415,9.934548321867502e-12,3.730803371615793e-13,4.640441845967009e-15
