event_index,numero,distance,skewness,area_of_the_energy_parabola,energy_max,Impulsion,Signal duration
1696,1696,85.7745190852815,1.0585450977295163,7.832868478691286e-09,2.909336598668262e-10,1.3111126381319504e-11,88.0
