event_index,numero,distance,skewness,area_of_the_energy_parabola,energy_max,Impulsion
1717,1717,100.32498748639105,0.547291063412057,3.760617535887747e-12,8.180880035370372e-14,1.5503512416334117e-15
