event_index,numero,distance,skewness,area_of_the_energy_parabola,energy_max,Impulsion
1145,1145,105.22593008903104,0.664370870178516,2.4601841530584132e-11,4.640856698795521e-13,9.904434607591081e-15
