event_index,numero,distance,skewness,area_of_the_energy_parabola,energy_max,Impulsion
931,931,333.75838983630354,1.7778883658039564,3.8151673560715987e-08,1.1052740522712592e-09,7.472693509016681e-11
