event_index,numero,distance,skewness,area_of_the_energy_parabola,energy_max,Impulsion,Durée du signal
659,659,136.6082779824492,1.4345115452047374,4.189293705772569e-10,1.3638458783033462e-11,4.096189490804982e-13,116.0
