event_index,numero,distance,skewness,area_of_the_energy_parabola,energy_max,Impulsion
1445,1445,118.53283184657069,0.6965409232203171,6.414557678127691e-11,1.3128203557712943e-12,3.5871685218629527e-14
