event_index,numero,distance,skewness,area_of_the_energy_parabola,energy_max,Impulsion
490,490,34.24514082333277,1.5305596319555321,2.7021679284009723e-08,9.041103311737171e-10,2.565217941460592e-11
