event_index,numero,distance,skewness,area_of_the_energy_parabola,energy_max,Impulsion
1704,1704,108.48768398720959,1.2543986433019785,4.049514455852508e-12,1.102550342248304e-13,1.7522718459814503e-15
