event_index,numero,distance,skewness,area_of_the_energy_parabola,energy_max,Impulsion
1278,1278,110.05181164197464,0.5164864078605769,2.6431837216905772e-11,6.198696850105635e-13,1.0929457535720807e-14
