event_index,numero,distance,skewness,area_of_the_energy_parabola,energy_max,Impulsion
723,723,131.56737792512828,1.3780727081212096,7.747803288512516e-05,2.0537438427840153e-06,4.524292256260909e-08
