event_index,numero,distance,skewness,area_of_the_energy_parabola,energy_max,Impulsion,Signal duration
1436,1436,114.30022452741406,0.8618639719880105,2.352891672914828e-07,4.9828886414848215e-09,1.5713783544866965e-10,126.0
