event_index,numero,distance,skewness,area_of_the_energy_parabola,energy_max,Impulsion
1576,1576,109.80993388621005,1.6621643737319922,3.5579131593104674e-12,6.370631906225237e-14,7.388118169187528e-16
