event_index,numero,distance,skewness,area_of_the_energy_parabola,energy_max,Impulsion,Signal duration
940,940,135.080093518178,1.4310805931159671,2.3008400715431622e-10,9.200273340896516e-12,2.7910268668877485e-13,90.0
