event_index,numero,distance,skewness,area_of_the_energy_parabola,energy_max,Impulsion
1655,1655,94.86912518611705,-1.2111246270416718,1.4725771269344052e-11,8.849312753692879e-13,5.98925279019496e-14
