event_index,numero,distance,skewness,area_of_the_energy_parabola,energy_max,Impulsion
737,737,130.57467737265887,0.6084128456318698,2.0443468066698936e-09,3.18773609366382e-11,5.658679358124422e-13
