event_index,numero,distance,skewness,area_of_the_energy_parabola,energy_max,Impulsion
1730,1730,123.43718231997661,0.20978784488499022,4.994839043598016e-12,2.8993992601385356e-13,1.8727714818657684e-14
