event_index,numero,distance,skewness,area_of_the_energy_parabola,energy_max,Impulsion
801,801,436.2363512146464,1.6142268494909118,9.300911673813185e-07,1.8263730102861587e-08,3.4487962358963993e-10
