event_index,numero,distance,skewness,area_of_the_energy_parabola,energy_max,Impulsion
1943,1943,106.99227434264992,0.9633947898269404,8.470523738591791e-12,1.9806953832700173e-13,4.277167596488031e-15
