event_index,numero,distance,skewness,area_of_the_energy_parabola,energy_max,Impulsion
126,126,363.50601311800796,0.535053723496076,8.579285234360565e-09,1.8556914201427977e-10,2.9674473309824932e-12
