event_index,numero,distance,skewness,area_of_the_energy_parabola,energy_max,Impulsion
1371,1371,101.33607625140579,1.3970624662422013,2.2811102040825402e-11,6.9367389812583e-13,1.187383893547818e-14
