event_index,numero,distance,skewness,area_of_the_energy_parabola,energy_max,Impulsion
1213,1213,99.56316081360005,0.9774762642193147,4.345763679223306e-11,1.0592975253687383e-12,1.4067405303922616e-14
