event_index,numero,distance,skewness,area_of_the_energy_parabola,energy_max,Impulsion
355,355,524.722673212455,1.0471285653136988,6.877714234235502e-09,1.9848708706087823e-10,2.9625449329842236e-12
