event_index,numero,distance,skewness,area_of_the_energy_parabola,energy_max,Impulsion
1383,1383,113.82463944976064,0.28193612046391375,1.0609600739450342e-11,1.969026319535632e-13,2.2593492379153574e-15
