event_index,numero,distance,skewness,area_of_the_energy_parabola,energy_max,Impulsion
1202,1202,101.01799544258218,1.1748565226236434,1.976866584994588e-12,7.612548888341566e-14,2.4494943351162322e-15
