event_index,numero,distance,skewness,area_of_the_energy_parabola,energy_max,Impulsion
1719,1719,176.28596484576082,2.150831474576228,6.49456168245992e-13,2.2854583973082365e-14,1.2251615069315939e-15
