event_index,numero,distance,skewness,area_of_the_energy_parabola,energy_max,Impulsion
586,586,333.57538535219396,1.0789916705157518,6.540265006057336e-10,7.393962308157375e-12,7.502807036735187e-14
