event_index,numero,distance,skewness,area_of_the_energy_parabola,energy_max,Impulsion
1102,1102,119.63372938534553,1.6230001950309152,2.1774146903514874e-11,6.321577783076605e-13,1.518477667057914e-14
