event_index,numero,distance,skewness,area_of_the_energy_parabola,energy_max,Impulsion
417,417,285.90131316005943,1.4970778921710142,5.5341422531690364e-09,1.9843231133913568e-10,6.3652782538678015e-12
