event_index,numero,distance,skewness,area_of_the_energy_parabola,energy_max,Impulsion
1136,1136,114.12079942873923,0.8569138297317386,3.036090803764446e-11,7.486669317115697e-13,1.694798672141864e-14
