event_index,numero,distance,skewness,area_of_the_energy_parabola,energy_max,Impulsion
1418,1418,121.52806262013053,0.5136653921418426,1.5244104221751116e-11,2.9483154047919457e-13,3.0624432686864814e-15
