event_index,numero,distance,skewness,area_of_the_energy_parabola,energy_max,Impulsion
269,269,18.044495148376697,0.8236984593154776,1.3925925647615438e-06,4.3828497606164494e-08,2.0678821579472415e-09
