event_index,numero,distance,skewness,area_of_the_energy_parabola,energy_max,Impulsion
974,974,348.9232518720597,0.7087887588278562,9.647524655414223e-07,2.996742172601264e-08,8.459248144233706e-10
