event_index,numero,distance,skewness,area_of_the_energy_parabola,energy_max,Impulsion
1916,1916,106.13496607266158,0.7912565983119728,4.992375385523744e-10,1.2404624006331553e-11,7.3784629094332e-13
