event_index,numero,distance,skewness,area_of_the_energy_parabola,energy_max,Impulsion
35,35,438.26232039112386,0.5301174187040567,2.8390661492735418e-08,2.682222345346725e-10,1.5118787869119224e-12
