event_index,numero,distance,skewness,area_of_the_energy_parabola,energy_max,Impulsion
470,470,50.24737238592574,-0.26017237424291934,1.715535356035747e-05,1.0081870358385938e-06,6.148589473347141e-08
