event_index,numero,distance,skewness,area_of_the_energy_parabola,energy_max,Impulsion
1101,1101,181.98643533455896,2.429759157973173,2.6047764990351214e-12,5.1179637322663925e-14,5.606921239906759e-16
