event_index,numero,distance,skewness,area_of_the_energy_parabola,energy_max,Impulsion
1293,1293,115.5710139532522,1.5193985143011612,1.3329703313172865e-12,3.3420420410912443e-14,6.626367188317181e-16
