event_index,numero,distance,skewness,area_of_the_energy_parabola,energy_max,Impulsion
1872,1872,53.84322511645687,1.1339144545892368,3.8023757776726745e-12,1.2263098740842513e-13,6.5355965882957455e-15
