event_index,numero,distance,skewness,area_of_the_energy_parabola,energy_max,Impulsion
1681,1681,90.01125340478009,-1.099445789759965,1.6735394077010743e-11,1.0101963341542553e-12,6.239754575939879e-14
