event_index,numero,distance,skewness,area_of_the_energy_parabola,energy_max,Impulsion
329,329,197.84401268787855,1.4291567069729778,2.081309801633258e-06,7.339152344903668e-08,1.849694289604684e-09
