event_index,numero,distance,skewness,area_of_the_energy_parabola,energy_max,Impulsion
1082,1082,124.45687411513717,1.6494839579956624,2.345640997097196e-12,5.496758184801291e-14,6.513567924748076e-16
