event_index,numero,distance,skewness,area_of_the_energy_parabola,energy_max,Impulsion
1905,1905,54.05526681002066,1.053376882622579,1.7958716694925332e-11,6.285428457437868e-13,3.61456132109333e-14
