event_index,numero,distance,skewness,area_of_the_energy_parabola,energy_max,Impulsion
668,668,81.58035033330675,1.5510062605984443,4.5159270092623316e-07,1.147619709848876e-08,1.8619661809283754e-10
