event_index,numero,distance,skewness,area_of_the_energy_parabola,energy_max,Impulsion
1871,1871,54.28329649235802,2.1547313226741456,6.419600272139063e-12,2.1343054144774097e-13,1.0214271227546381e-14
