event_index,numero,distance,skewness,area_of_the_energy_parabola,energy_max,Impulsion
1275,1275,105.62769723914124,0.18470402499718566,6.3840040894390444e-12,1.220567973093561e-13,1.5506133500291133e-15
