event_index,numero,distance,skewness,area_of_the_energy_parabola,energy_max,Impulsion,Durée du signal
1841,1841,216.7656531063204,0.6379766725704996,1.631317588275942e-11,4.058836388584691e-13,8.282124283996396e-15,102.0
