event_index,numero,distance,skewness,area_of_the_energy_parabola,energy_max,Impulsion,Signal duration
1943,1943,201.45774084272702,2.0422586591586285,5.025620255533781e-15,4.790506675483518e-17,3.704473226999605e-19,332.0
