event_index,numero,distance,skewness,area_of_the_energy_parabola,energy_max,Impulsion
1162,1162,112.18915188264069,0.8629550096002215,9.218070511054682e-12,2.1696337360368878e-13,2.3744409494423663e-15
