event_index,numero,distance,skewness,area_of_the_energy_parabola,energy_max,Impulsion
1411,1411,57.03561650733647,1.1055014734515973,1.5402641244639535e-11,5.071708348201278e-13,2.433706096878068e-14
