event_index,numero,distance,skewness,area_of_the_energy_parabola,energy_max,Impulsion,Signal duration
545,545,150.1284626291619,1.1652248340008184,7.133653113684766e-07,3.383320979658464e-08,1.0010179217138675e-09,72.0
