event_index,numero,distance,skewness,area_of_the_energy_parabola,energy_max,Impulsion
1741,1741,82.338228546533,0.42210404122774725,5.610952103047967e-13,1.0972316023029148e-14,1.8000810579562422e-16
