event_index,numero,distance,skewness,area_of_the_energy_parabola,energy_max,Impulsion
624,624,104.2481074118956,1.1143887472083591,7.402170268953946e-07,3.3894273429954854e-08,1.6367820470528502e-09
