event_index,numero,distance,skewness,area_of_the_energy_parabola,energy_max,Impulsion
91,91,29.77181637384308,0.8871059014844412,2.3431049441132472e-06,6.554762286092004e-08,2.101202783090992e-09
