event_index,numero,distance,skewness,area_of_the_energy_parabola,energy_max,Impulsion
642,642,359.0746569627511,1.87457795959558,5.691266490188323e-08,2.4760835080428838e-09,1.4963934370754416e-10
