event_index,numero,distance,skewness,area_of_the_energy_parabola,energy_max,Impulsion
1850,1850,52.43874588032849,2.0519513942485594,5.971784516600178e-12,1.634766148851387e-13,7.794724161866327e-15
