event_index,numero,distance,skewness,area_of_the_energy_parabola,energy_max,Impulsion
1434,1434,9.787575770926438,-0.09056157660071579,8.042641837925382e-09,4.705639389796591e-10,3.8386219336312416e-11
