event_index,numero,distance,skewness,area_of_the_energy_parabola,energy_max,Impulsion
326,326,101.41540615837442,1.1945718601786988,1.1185713802276317e-05,2.3693098991185985e-07,1.308038319289131e-08
