event_index,numero,distance,skewness,area_of_the_energy_parabola,energy_max,Impulsion
1581,1581,117.1856100899423,0.3926455188305815,2.1070989994287408e-11,4.968375645395412e-13,9.464488979946854e-15
