event_index,numero,distance,skewness,area_of_the_energy_parabola,energy_max,Impulsion
1677,1677,114.82880810305073,1.1933279880705636,7.062064873379957e-11,1.7250227888555451e-12,3.1821923886297355e-14
