event_index,numero,distance,skewness,area_of_the_energy_parabola,energy_max,Impulsion
1904,1904,54.05503991873769,1.1935716139012873,1.2887360410697255e-11,4.1753839165190256e-13,1.8320149743918975e-14
