event_index,numero,distance,skewness,area_of_the_energy_parabola,energy_max,Impulsion,Durée du signal
487,487,168.2171207764658,0.7356932174725714,5.41460225269983e-08,8.256470312323354e-10,1.8934879186391168e-11,154.0
