event_index,numero,distance,skewness,area_of_the_energy_parabola,energy_max,Impulsion
197,197,88.31764624544292,1.0687588494100135,7.984790246098525e-07,3.0108956458910044e-08,1.6226561392252176e-09
