event_index,numero,distance,skewness,area_of_the_energy_parabola,energy_max,Impulsion
1516,1516,115.02614593704773,1.3573816589736918,3.1930165426373927e-12,8.980706708820547e-14,9.236937332418804e-16
