event_index,numero,distance,skewness,area_of_the_energy_parabola,energy_max,Impulsion
1138,1138,130.80194542370245,0.44164150937848323,9.971596514044442e-12,2.0575148614903077e-13,2.08391029308854e-15
