event_index,numero,distance,skewness,area_of_the_energy_parabola,energy_max,Impulsion
1726,1726,115.96197848950901,0.818250590352622,1.0215808888964203e-12,1.4451911433599527e-14,6.918454927218798e-17
