event_index,numero,distance,skewness,area_of_the_energy_parabola,energy_max,Impulsion
276,276,506.92175600717223,1.3522310129292239,1.449896465420452e-09,3.6519941224244656e-11,4.3577446437870375e-13
