event_index,numero,distance,skewness,area_of_the_energy_parabola,energy_max,Impulsion
1163,1163,108.13664577258258,0.8384411399538889,5.076408679983709e-11,2.468333344488886e-12,1.0011050092411174e-13
