event_index,numero,distance,skewness,area_of_the_energy_parabola,energy_max,Impulsion
635,635,393.7003981705172,0.7792463889489457,1.1540724140867275e-08,2.0140835883417776e-10,2.9939214925055682e-12
