event_index,numero,distance,skewness,area_of_the_energy_parabola,energy_max,Impulsion
699,699,45.79744085000919,0.8241389129492757,0.0004129628368406181,1.2997964548031133e-05,3.5556018483926467e-07
