event_index,numero,distance,skewness,area_of_the_energy_parabola,energy_max,Impulsion
1272,1272,105.5488251812311,0.7668798976128466,3.4143049747624747e-11,1.4252029235967076e-12,6.118849971556617e-14
