event_index,numero,distance,skewness,area_of_the_energy_parabola,energy_max,Impulsion
1949,1949,102.41306474261579,0.9247768213176464,2.5748282922746296e-11,5.453094103602893e-13,1.1754178577499248e-14
