event_index,numero,distance,skewness,area_of_the_energy_parabola,energy_max,Impulsion
1656,1656,56.2384190539824,1.0799823736260077,1.5188780555330223e-11,5.125377478853728e-13,2.5177375962385754e-14
