event_index,numero,distance,skewness,area_of_the_energy_parabola,energy_max,Impulsion
1420,1420,132.2966273383075,-0.25396705518330054,5.344900744600558e-12,7.913467724215952e-14,1.389356772742141e-15
