event_index,numero,distance,skewness,area_of_the_energy_parabola,energy_max,Impulsion
1382,1382,106.10142826657477,1.4453259634619828,5.16508329997627e-12,1.78071265882796e-13,5.347674818370576e-15
