event_index,numero,distance,skewness,area_of_the_energy_parabola,energy_max,Impulsion
1273,1273,101.90874213343322,1.5768254859764343,6.592899960371661e-13,2.5104402929735545e-14,2.746466916428932e-16
