event_index,numero,distance,skewness,area_of_the_energy_parabola,energy_max,Impulsion,Durée du signal
1752,1752,210.77901205438837,0.9029235780627033,1.9637417763259427e-10,4.036491257135159e-12,9.503353264833605e-14,136.0
