event_index,numero,distance,skewness,area_of_the_energy_parabola,energy_max,Impulsion,Signal duration
415,415,170.2492362929879,0.9734612890288576,1.391409287447804e-09,2.6211088325115734e-11,5.091935573206721e-13,172.0
