event_index,numero,distance,skewness,area_of_the_energy_parabola,energy_max,Impulsion
372,372,95.12751012153564,1.1609830427932544,1.944824889243785e-08,8.303017506621482e-10,4.478326503859802e-11
