event_index,numero,distance,skewness,area_of_the_energy_parabola,energy_max,Impulsion
945,945,41.87128180257283,0.964463759872306,4.0818091056818066e-05,1.3326345412907004e-06,5.840613539794614e-08
