event_index,numero,distance,skewness,area_of_the_energy_parabola,energy_max,Impulsion
403,403,26.74649165523526,0.3280485379016727,6.185025854060082e-08,1.4569375133122984e-09,5.410154932983442e-11
