event_index,numero,distance,skewness,area_of_the_energy_parabola,energy_max,Impulsion
753,753,277.71845514236145,1.0324804153879945,3.660095547729918e-08,6.189399078109292e-10,1.0309693604878807e-11
