event_index,numero,distance,skewness,area_of_the_energy_parabola,energy_max,Impulsion
1510,1510,88.16681857462063,-0.12909986967084394,5.701094540561293e-11,3.3618341522726024e-12,2.0497325204301446e-13
