event_index,numero,distance,skewness,area_of_the_energy_parabola,energy_max,Impulsion,Signal duration
467,467,199.0600314518091,1.022709802967361,2.3654200214802343e-09,5.417147723560461e-11,1.1724689695860683e-12,134.0
