event_index,numero,distance,skewness,area_of_the_energy_parabola,energy_max,Impulsion
1862,1862,121.26014094579055,0.5652758447662586,1.3511040156047475e-11,2.5118314310904887e-13,2.7440831835986226e-15
