event_index,numero,distance,skewness,area_of_the_energy_parabola,energy_max,Impulsion
452,452,175.15764715356894,0.8044643391353076,3.683722685734733e-07,4.697075787554904e-09,3.490128190700851e-11
