event_index,numero,distance,skewness,area_of_the_energy_parabola,energy_max,Impulsion
2017,2017,110.14932082507,0.9375407794849789,2.6120150087607898e-12,6.265406451191127e-14,1.1385616666441747e-15
