event_index,numero,distance,skewness,area_of_the_energy_parabola,energy_max,Impulsion
1060,1060,180.84566410282156,2.155145685574451,1.7567177877556935e-12,2.6585922630306445e-14,2.6083568232596047e-16
