event_index,numero,distance,skewness,area_of_the_energy_parabola,energy_max,Impulsion
1552,1552,117.36803250540214,0.0920121886150768,6.259705734734033e-11,1.083312083758797e-12,1.2049164428256062e-14
