event_index,numero,distance,skewness,area_of_the_energy_parabola,energy_max,Impulsion
443,443,201.31754137321687,1.9799639866666359,7.223636168360665e-06,1.239293353134615e-07,8.578789569414044e-10
