event_index,numero,distance,skewness,area_of_the_energy_parabola,energy_max,Impulsion
1797,1797,97.77090503906251,-0.21092919812859467,1.646756450503204e-11,9.824266044976485e-13,5.449841098201306e-14
