event_index,numero,distance,skewness,area_of_the_energy_parabola,energy_max,Impulsion
1729,1729,111.3610062659093,0.7986098266690487,2.2883273888244076e-11,5.04666621151443e-13,1.1766149584132638e-14
