event_index,numero,distance,skewness,area_of_the_energy_parabola,energy_max,Impulsion
594,594,173.4738086487137,1.0647226572913988,6.285355623924453e-08,1.9507031514191955e-09,7.799779818739917e-11
