event_index,numero,distance,skewness,area_of_the_energy_parabola,energy_max,Impulsion
1329,1329,113.26767254779581,1.5859386516913698,1.613349539548469e-11,4.5398448680467903e-13,1.0905494535896254e-14
