event_index,numero,distance,skewness,area_of_the_energy_parabola,energy_max,Impulsion
1088,1088,111.19214351907105,0.678304232193824,1.525528411975837e-11,3.077598446000021e-13,8.383863116939037e-15
