event_index,numero,distance,skewness,area_of_the_energy_parabola,energy_max,Impulsion
1585,1585,108.8136759138776,1.3989147807788176,1.1201704104076243e-12,3.146989558836236e-14,4.1913588420477436e-16
