event_index,numero,distance,skewness,area_of_the_energy_parabola,energy_max,Impulsion
1262,1262,119.30453738577282,1.8304554682245087,6.578923256334622e-12,1.9852051552967475e-13,2.3738939193512586e-15
