event_index,numero,distance,skewness,area_of_the_energy_parabola,energy_max,Impulsion
1467,1467,113.41637827281592,1.2823279673453392,2.9011919942858003e-11,8.838537672414574e-13,1.6331608774281865e-14
