event_index,numero,distance,skewness,area_of_the_energy_parabola,energy_max,Impulsion
1515,1515,114.17398501628685,0.7479631400224015,3.489848905717968e-11,7.526581007092076e-13,8.901411794536397e-15
