event_index,numero,distance,skewness,area_of_the_energy_parabola,energy_max,Impulsion
1503,1503,107.38036605719219,1.3104459235014392,4.364059644951401e-12,1.190619909722209e-13,1.6321254453760875e-15
