event_index,numero,distance,skewness,area_of_the_energy_parabola,energy_max,Impulsion
1360,1360,110.68839666335307,0.8388274094329187,3.4983084578797715e-11,1.004013668529725e-12,1.4051699581706895e-14
