event_index,numero,distance,skewness,area_of_the_energy_parabola,energy_max,Impulsion
1721,1721,108.57457973615875,0.7199125033604025,1.2872138378101634e-11,2.9687376782164353e-13,6.677725935432012e-15
