event_index,numero,distance,skewness,area_of_the_energy_parabola,energy_max,Impulsion
1830,1830,110.69449412769762,1.2034229750776182,4.917881124059751e-11,1.3191868297693648e-12,2.164089872670116e-14
