event_index,numero,distance,skewness,area_of_the_energy_parabola,energy_max,Impulsion
1588,1588,109.32036198013023,1.342572400392835,6.159776838765867e-10,1.9150272776221212e-11,1.1220824274539357e-12
