event_index,numero,distance,skewness,area_of_the_energy_parabola,energy_max,Impulsion
353,353,210.10818177406034,1.047060795569906,8.956630246187519e-07,3.100298911716959e-08,1.1442231208862682e-09
