event_index,numero,distance,skewness,area_of_the_energy_parabola,energy_max,Impulsion
977,977,192.69506129250937,1.4368514778870805,9.214258533529029e-06,3.1701842055782726e-07,8.31948184597081e-09
