event_index,numero,distance,skewness,area_of_the_energy_parabola,energy_max,Impulsion
1923,1923,100.24211659030173,1.0129873851471758,6.995010458009596e-11,1.832206243701488e-12,2.300660253046725e-14
