event_index,numero,distance,skewness,area_of_the_energy_parabola,energy_max,Impulsion
1887,1887,54.203252179823096,0.6252689148368283,1.9359588557212302e-11,4.951193178022921e-13,1.2934594206821769e-14
