event_index,numero,distance,skewness,area_of_the_energy_parabola,energy_max,Impulsion
1816,1816,109.16771103832484,0.6573801050839576,5.126375924282806e-11,1.1007234708822603e-12,1.2694819507314324e-14
