event_index,numero,distance,skewness,area_of_the_energy_parabola,energy_max,Impulsion
1057,1057,117.25491729419092,1.5219609599405877,1.3214984257590925e-11,3.323007905171323e-13,5.679223883123586e-15
