event_index,numero,distance,skewness,area_of_the_energy_parabola,energy_max,Impulsion
485,485,98.64557041928332,0.6390159136973389,2.6679681242759944e-05,5.503045790637988e-07,1.4016623807400512e-08
