event_index,numero,distance,skewness,area_of_the_energy_parabola,energy_max,Impulsion
1550,1550,97.28873633359822,1.095186878735414,1.3602961279866664e-12,4.17104916097994e-14,6.687852592445357e-16
