event_index,numero,distance,skewness,area_of_the_energy_parabola,energy_max,Impulsion
1035,1035,113.4814003598573,1.6091252310774027,1.2161839774770861e-11,3.500625302322562e-13,6.923107353745406e-15
