event_index,numero,distance,skewness,area_of_the_energy_parabola,energy_max,Impulsion
1337,1337,110.09336457107825,1.0530073403153557,2.101707938384046e-11,5.382484176679936e-13,9.02220010987218e-15
