event_index,numero,distance,skewness,area_of_the_energy_parabola,energy_max,Impulsion
423,423,50.39729173055804,0.7799883269689204,2.8744037000458705e-05,1.1521556329420916e-06,6.175309355030785e-08
