event_index,numero,distance,skewness,area_of_the_energy_parabola,energy_max,Impulsion
1976,1976,99.77111067589642,1.23320413488807,8.901180365117088e-11,3.20630268409464e-12,6.517324038094713e-14
