event_index,numero,distance,skewness,area_of_the_energy_parabola,energy_max,Impulsion
1287,1287,108.03754711845602,0.4362029770578826,1.422398399904682e-11,3.095145337012342e-13,6.668661942503157e-15
