event_index,numero,distance,skewness,area_of_the_energy_parabola,energy_max,Impulsion,Durée du signal
308,308,37.42705592798931,0.6017767847028963,2.573875644606973e-07,1.4258672437960943e-08,6.964177649913355e-10,46.0
