event_index,numero,distance,skewness,area_of_the_energy_parabola,energy_max,Impulsion
1709,1709,106.28792735149013,1.3666812180198071,2.535238057599161e-11,6.845569658395808e-13,1.6347979730045997e-14
