event_index,numero,distance,skewness,area_of_the_energy_parabola,energy_max,Impulsion
1753,1753,99.17927581219887,-0.24029768405332946,5.643486398285822e-11,3.3126963506328628e-12,2.315022664534858e-13
