event_index,numero,distance,skewness,area_of_the_energy_parabola,energy_max,Impulsion
1042,1042,115.99663268472605,1.2455035887021362,4.4740732120410576e-11,1.387785475627244e-12,1.9115114365680162e-14
