event_index,numero,distance,skewness,area_of_the_energy_parabola,energy_max,Impulsion
1241,1241,110.83741529005754,1.1329625911415506,4.443222997174858e-12,1.2635669281693809e-13,1.5941303372075514e-15
