event_index,numero,distance,skewness,area_of_the_energy_parabola,energy_max,Impulsion
1624,1624,106.8319075570303,1.9509296325784298,1.2457423363867153e-11,3.9981084951712244e-13,4.484764115535039e-15
