event_index,numero,distance,skewness,area_of_the_energy_parabola,energy_max,Impulsion
1849,1849,50.72956487434762,1.0902846168402094,1.0987290266764088e-11,3.771576349621441e-13,1.7934248617743512e-14
