event_index,numero,distance,skewness,area_of_the_energy_parabola,energy_max,Impulsion
1696,1696,89.10138549289863,-1.2512716153368724,2.1489522133710638e-11,1.28268905702277e-12,8.676238859163633e-14
