event_index,numero,distance,skewness,area_of_the_energy_parabola,energy_max,Impulsion
1059,1059,112.45804480046307,1.7848970683134453,1.392687571364692e-10,4.76612660366795e-12,5.887975191541316e-14
