event_index,numero,distance,skewness,area_of_the_energy_parabola,energy_max,Impulsion
147,147,502.4299092128124,1.072345884789599,2.0438269321661145e-07,7.995767336682938e-09,3.235333265927791e-10
