event_index,numero,distance,skewness,area_of_the_energy_parabola,energy_max,Impulsion
1325,1325,183.2694046444466,1.1073898161481408,5.559363131791552e-12,1.0688197698664967e-13,2.578000740202683e-15
