event_index,numero,distance,skewness,area_of_the_energy_parabola,energy_max,Impulsion
901,901,195.95988663674873,1.7305245952037844,0.0003811191947023078,1.2138819036999582e-05,3.239635234744384e-07
