event_index,numero,distance,skewness,area_of_the_energy_parabola,energy_max,Impulsion
1221,1221,106.20874762849226,0.398197303719823,1.7058970943055647e-11,3.7658740622982185e-13,4.710897275574814e-15
