event_index,numero,distance,skewness,area_of_the_energy_parabola,energy_max,Impulsion
1835,1835,99.09566761294873,-0.8525355559127101,2.622614638029014e-11,1.5689333647787943e-12,1.0048736634749307e-13
