event_index,numero,distance,skewness,area_of_the_energy_parabola,energy_max,Impulsion
1813,1813,102.23715832784276,1.9179643774049735,1.5078542823397876e-10,5.282269176924012e-12,5.4809717520774e-14
