event_index,numero,distance,skewness,area_of_the_energy_parabola,energy_max,Impulsion
460,460,199.94264946878369,0.830070923739866,1.9463892607479368e-05,4.04018367586648e-07,6.806045505725571e-09
