event_index,numero,distance,skewness,area_of_the_energy_parabola,energy_max,Impulsion
991,991,44.58162525691581,0.12974797564661927,0.0006972901556673434,4.0572627080026594e-05,2.2037011597796255e-06
