event_index,numero,distance,skewness,area_of_the_energy_parabola,energy_max,Impulsion
95,95,187.26670339536759,0.303974670865016,2.9269195335908266e-05,5.754377831727431e-07,3.097484223930168e-08
