event_index,numero,distance,skewness,area_of_the_energy_parabola,energy_max,Impulsion
1054,1054,103.0607976650058,1.0397012869998679,4.083111204038862e-11,1.354888135891246e-12,2.9657803101557714e-14
