event_index,numero,distance,skewness,area_of_the_energy_parabola,energy_max,Impulsion
596,596,131.13907304988527,1.1763953861333172,2.836972504824914e-07,1.2544998929552034e-08,4.357965611604277e-10
