event_index,numero,distance,skewness,area_of_the_energy_parabola,energy_max,Impulsion
1739,1739,103.98859831152294,0.31493673677740913,5.88721208341771e-12,9.718085914166865e-14,1.82812307474357e-15
