event_index,numero,distance,skewness,area_of_the_energy_parabola,energy_max,Impulsion
284,284,255.81053405079754,1.8093449240958268,3.4851280351422815e-08,6.541423471082339e-10,3.0383876403111664e-11
