event_index,numero,distance,skewness,area_of_the_energy_parabola,energy_max,Impulsion
1844,1844,51.825258143934754,1.0136122222864408,1.343640573162465e-11,4.816782452482399e-13,1.945714301140524e-14
