event_index,numero,distance,skewness,area_of_the_energy_parabola,energy_max,Impulsion
346,346,50.38208212195059,1.5785399334172099,9.4108257851727e-07,1.9062895689888844e-08,4.956100860265969e-10
