event_index,numero,distance,skewness,area_of_the_energy_parabola,energy_max,Impulsion
796,796,188.3088977384698,0.44803125106023983,3.575605104512175e-05,8.70930165189081e-07,2.764011184843687e-08
