event_index,numero,distance,skewness,area_of_the_energy_parabola,energy_max,Impulsion
950,950,102.05559467081244,1.0275384720592775,2.1863520036244974e-18,1.39011468522714e-20,4.137521826795798e-23
