event_index,numero,distance,skewness,area_of_the_energy_parabola,energy_max,Impulsion
393,393,230.6519073881932,1.8777231349071624,5.166568998237171e-07,1.8799885682579544e-08,7.0073250239889e-10
