event_index,numero,distance,skewness,area_of_the_energy_parabola,energy_max,Impulsion,Durée du signal
1086,1086,134.89005800427756,2.3406483625086154,5.805519892945271e-10,9.637449066436026e-12,2.9585323538485156e-13,288.0
