event_index,numero,distance,skewness,area_of_the_energy_parabola,energy_max,Impulsion
643,643,400.7548596454269,1.8467591735186297,5.634692042132899e-08,2.4867183463754465e-09,1.16588695523452e-10
