event_index,numero,distance,skewness,area_of_the_energy_parabola,energy_max,Impulsion
1528,1528,110.93666666683085,0.79813432975602,1.4521715906235469e-11,2.881537768254963e-13,3.2654446069887385e-15
