event_index,numero,distance,skewness,area_of_the_energy_parabola,energy_max,Impulsion
1785,1785,87.5192983207051,-1.5300747959386811,3.287761318578834e-11,2.019320594703996e-12,1.0024707893567882e-13
