event_index,numero,distance,skewness,area_of_the_energy_parabola,energy_max,Impulsion
1642,1642,127.07496157722389,1.583828289597955,8.659360775972888e-12,2.896827550437342e-13,3.3802660698923737e-15
