event_index,numero,distance,skewness,area_of_the_energy_parabola,energy_max,Impulsion
522,522,483.47798435580125,1.0631826120914198,2.6289036116746534e-08,3.8947611823961197e-10,3.787817984468811e-12
