event_index,numero,distance,skewness,area_of_the_energy_parabola,energy_max,Impulsion
1385,1385,109.37254485465161,0.4483956973224249,1.9712028726789007e-11,4.372514839911019e-13,7.662864587266827e-15
