event_index,numero,distance,skewness,area_of_the_energy_parabola,energy_max,Impulsion,Durée du signal
53,53,28.540331527062893,1.3649576188985846,2.4211092120045086e-08,8.993346401023342e-10,4.727024865011455e-11,106.0
