event_index,numero,distance,skewness,area_of_the_energy_parabola,energy_max,Impulsion
1912,1912,91.80315445726596,-0.8783681590873931,1.624593970888877e-11,9.682586032739311e-13,7.406114417597446e-14
