event_index,numero,distance,skewness,area_of_the_energy_parabola,energy_max,Impulsion
2000,2000,105.71625821464004,-1.1844926881636846,4.032493271577138e-11,2.4612041953388183e-12,9.779236994081294e-14
