event_index,numero,distance,skewness,area_of_the_energy_parabola,energy_max,Impulsion
1312,1312,102.09445019257406,0.3315659012768966,1.926187060999891e-12,3.113154234143239e-14,4.4403079738541736e-16
