event_index,numero,distance,skewness,area_of_the_energy_parabola,energy_max,Impulsion
456,456,204.83652613452068,0.217218198792387,1.6146229710974441e-06,2.412584453756116e-08,4.5430584841614933e-10
