event_index,numero,distance,skewness,area_of_the_energy_parabola,energy_max,Impulsion
1828,1828,89.456204569623,-1.8954640844335118,2.6486606138796473e-11,1.6392938306535959e-12,4.8497942650899527e-14
