event_index,numero,distance,skewness,area_of_the_energy_parabola,energy_max,Impulsion
1928,1928,107.54513886009826,1.256922166409268,3.8773765364699506e-11,1.086493799243551e-12,1.3376879385718108e-14
