event_index,numero,distance,skewness,area_of_the_energy_parabola,energy_max,Impulsion
376,376,106.25152441615522,1.414650063883815,3.912451458548474e-06,9.817485870172784e-08,3.576782111469483e-09
