event_index,numero,distance,skewness,area_of_the_energy_parabola,energy_max,Impulsion
1661,1661,50.38261871660616,1.2461395706642113,4.203902594829563e-11,9.485102806230227e-13,4.454532644437096e-14
