event_index,numero,distance,skewness,area_of_the_energy_parabola,energy_max,Impulsion
923,923,80.63292048184294,0.15073386262330304,1.0926578073499777e-05,1.7862658843438032e-07,8.225327488548255e-09
