event_index,numero,distance,skewness,area_of_the_energy_parabola,energy_max,Impulsion
1716,1716,105.98443582122859,0.2776116178295247,8.812984210747364e-12,1.4985479160703805e-13,2.9033024937630503e-15
