event_index,numero,distance,skewness,area_of_the_energy_parabola,energy_max,Impulsion
1103,1103,118.69004500108805,0.8923869643922574,3.334681862023202e-12,7.422635072169993e-14,1.811526413263878e-15
