event_index,numero,distance,skewness,area_of_the_energy_parabola,energy_max,Impulsion,Durée du signal
1230,1230,110.52177066253034,1.3467626061447142,7.168501054101514e-11,2.730337830551085e-12,1.0060009826876913e-13,86.0
