event_index,numero,distance,skewness,area_of_the_energy_parabola,energy_max,Impulsion
1110,1110,98.55545412970756,0.11819131438493956,3.622411061843006e-11,9.474719504232329e-13,2.8316114139464403e-14
