event_index,numero,distance,skewness,area_of_the_energy_parabola,energy_max,Impulsion
1022,1022,113.0835139371336,1.7814479690510905,8.71087867898545e-12,1.563685003965911e-13,4.823680349367105e-15
