event_index,numero,distance,skewness,area_of_the_energy_parabola,energy_max,Impulsion
1883,1883,107.5310723338984,0.7536772917034195,2.105247711758917e-11,7.495685563067894e-13,3.004079295263501e-14
