event_index,numero,distance,skewness,area_of_the_energy_parabola,energy_max,Impulsion
1544,1544,123.75795673968523,0.5513367752242623,1.899504713023534e-11,3.9393068761631173e-13,4.157744249452266e-15
