event_index,numero,distance,skewness,area_of_the_energy_parabola,energy_max,Impulsion
1870,1870,54.196586785509254,1.131716150199411,4.2654172551185284e-12,1.3509709578735048e-13,6.3245216476602435e-15
