event_index,numero,distance,skewness,area_of_the_energy_parabola,energy_max,Impulsion,Signal duration
1250,1250,74.38434702488216,0.5141889014368888,1.0757029566063186e-08,2.402883105319044e-10,5.672574737127343e-12,124.0
