event_index,numero,distance,skewness,area_of_the_energy_parabola,energy_max,Impulsion
758,758,282.0790463883677,0.9404528461846745,4.711162736319653e-05,7.55962511610122e-07,1.1335825131180334e-08
