event_index,numero,distance,skewness,area_of_the_energy_parabola,energy_max,Impulsion
724,724,264.89406594294036,0.824198112635472,5.142038533818486e-08,6.622716082642727e-10,9.475656936139087e-12
