event_index,numero,distance,skewness,area_of_the_energy_parabola,energy_max,Impulsion
1820,1820,107.87844384395078,1.1937600642152482,5.7591878069621585e-11,1.78235930444277e-12,3.619782842962016e-14
