event_index,numero,distance,skewness,area_of_the_energy_parabola,energy_max,Impulsion
2014,2014,114.37124683346953,1.0621542992296178,2.2867704105355252e-11,5.951364748557354e-13,7.125979537483338e-15
