event_index,numero,distance,skewness,area_of_the_energy_parabola,energy_max,Impulsion
1233,1233,117.77919475846973,1.5525875258740136,2.136454858538315e-12,5.451453354050135e-14,9.753273936990071e-16
