event_index,numero,distance,skewness,area_of_the_energy_parabola,energy_max,Impulsion
1180,1180,117.54142391994255,-0.3960376628456658,5.375070264814956e-12,6.894548199018459e-14,6.840622202554465e-16
