event_index,numero,distance,skewness,area_of_the_energy_parabola,energy_max,Impulsion
1918,1918,110.67095991363223,1.032425007815025,9.888117127037529e-11,2.536854861863627e-12,3.191577969019308e-14
