event_index,numero,distance,skewness,area_of_the_energy_parabola,energy_max,Impulsion
1208,1208,113.69434127516918,0.41205688071143365,2.0493478271127894e-11,4.909652801406732e-13,8.8108967094052e-15
