event_index,numero,distance,skewness,area_of_the_energy_parabola,energy_max,Impulsion
357,357,195.4079254194135,0.7064564774059825,2.447636284424272e-06,5.188111212919966e-08,9.096644651565435e-10
