event_index,numero,distance,skewness,area_of_the_energy_parabola,energy_max,Impulsion
1888,1888,52.91663333704576,1.2256401235635366,5.046669858134214e-12,1.7435208041185616e-13,9.361760735649677e-15
