event_index,numero,distance,skewness,area_of_the_energy_parabola,energy_max,Impulsion
1206,1206,108.52142315800498,1.8148829088125045,3.2346770926828385e-11,9.66158658009209e-13,1.7595544648764534e-14
