event_index,numero,distance,skewness,area_of_the_energy_parabola,energy_max,Impulsion
457,457,208.70517460620002,0.9275516417179821,8.318107617088706e-07,2.083306866205917e-08,4.687363169701896e-10
