event_index,numero,distance,skewness,area_of_the_energy_parabola,energy_max,Impulsion
1557,1557,104.6649457763768,0.9946344963156771,4.749993442401124e-10,1.3721071305576026e-11,9.16549295124401e-13
