event_index,numero,distance,skewness,area_of_the_energy_parabola,energy_max,Impulsion
1478,1478,108.81050037608432,0.5909253154556219,4.28469158882438e-12,8.430707228802962e-14,8.435013841282271e-16
