event_index,numero,distance,skewness,area_of_the_energy_parabola,energy_max,Impulsion
287,287,494.60790866648915,1.2297972914410973,1.9430545818669765e-08,5.658555083569186e-10,7.35852753020316e-12
