event_index,numero,distance,skewness,area_of_the_energy_parabola,energy_max,Impulsion
502,502,117.4588543612657,1.4517857554008575,1.2043385736612178e-08,3.58633937664397e-10,1.2128128506284694e-11
