event_index,numero,distance,skewness,area_of_the_energy_parabola,energy_max,Impulsion
1387,1387,59.49280227254793,1.4229899217131419,5.869435854920311e-12,2.0247519014756216e-13,1.0361182491095888e-14
