event_index,numero,distance,skewness,area_of_the_energy_parabola,energy_max,Impulsion
1396,1396,113.338959623401,0.10196522272308006,2.0025640240441068e-11,4.2479963380864443e-13,6.088388759691458e-15
