event_index,numero,distance,skewness,area_of_the_energy_parabola,energy_max,Impulsion
1077,1077,117.15570032273399,1.002123634275559,1.1985207020890092e-11,2.532462937102329e-13,2.665568039884995e-15
