event_index,numero,distance,skewness,area_of_the_energy_parabola,energy_max,Impulsion
1675,1675,103.2902979883575,1.429086312400951,1.5410757277674655e-10,6.400517142301746e-12,7.974766649616344e-14
