event_index,numero,distance,skewness,area_of_the_energy_parabola,energy_max,Impulsion
1857,1857,50.02397538232254,1.3227831960924477,5.60682764763274e-12,1.8895052924936756e-13,8.838380785844517e-15
