event_index,numero,distance,skewness,area_of_the_energy_parabola,energy_max,Impulsion
1350,1350,107.0361793665439,1.5449333318274794,2.0049329547654026e-12,4.675980499963634e-14,5.472203627009208e-16
