event_index,numero,distance,skewness,area_of_the_energy_parabola,energy_max,Impulsion,Signal duration
1928,1928,173.7210653769522,0.2353389205860453,2.885269196272689e-08,6.327439980879671e-10,1.2484226335156743e-11,102.0
