event_index,numero,distance,skewness,area_of_the_energy_parabola,energy_max,Impulsion
1713,1713,103.40270166473766,1.6161528009942148,8.42021487900273e-12,3.1038718217071325e-13,3.65603741583634e-15
