event_index,numero,distance,skewness,area_of_the_energy_parabola,energy_max,Impulsion
1556,1556,111.07437070121334,1.0894141395274735,9.706645909743448e-11,2.814962343598746e-12,9.676754118986501e-14
