event_index,numero,distance,skewness,area_of_the_energy_parabola,energy_max,Impulsion
1615,1615,49.38589830457283,1.1028600509712216,1.902268572364292e-11,6.604602032775318e-13,3.1634275832695514e-14
