event_index,numero,distance,skewness,area_of_the_energy_parabola,energy_max,Impulsion
1723,1723,110.87527403364115,0.6513921400215371,2.0347997216851336e-11,4.2238871880296975e-13,9.921240748944396e-15
