event_index,numero,distance,skewness,area_of_the_energy_parabola,energy_max,Impulsion
1734,1734,119.79875594317606,0.7968221206434642,3.0014908418537794e-11,5.80405636977148e-13,6.569084239265313e-15
