event_index,numero,distance,skewness,area_of_the_energy_parabola,energy_max,Impulsion
449,449,204.15737079887185,0.6735329496106292,5.428388574063579e-07,9.072362102940619e-09,1.1067993980134126e-10
