event_index,numero,distance,skewness,area_of_the_energy_parabola,energy_max,Impulsion
1436,1436,110.61382908200099,1.381382588456666,1.0845078463314137e-10,3.9945343627735735e-12,1.0120983329267416e-13
