event_index,numero,distance,skewness,area_of_the_energy_parabola,energy_max,Impulsion
161,161,481.26508588229876,1.3154162389466126,1.6501503185002106e-09,3.8537179168234084e-11,4.564456071547894e-13
