event_index,numero,distance,skewness,area_of_the_energy_parabola,energy_max,Impulsion,Durée du signal
1883,1883,115.08415876990094,1.5204698421842278,1.645480317721439e-10,4.4431692298998644e-12,6.599451985948207e-14,170.0
