event_index,numero,distance,skewness,area_of_the_energy_parabola,energy_max,Impulsion
1482,1482,12.699331240673777,0.1867744236259028,3.8727379385080345e-09,2.1528141880944933e-10,1.0526529379211017e-11
