event_index,numero,distance,skewness,area_of_the_energy_parabola,energy_max,Impulsion
730,730,327.12682448516455,-0.22353720510771716,1.2108461288498439e-08,1.194998920565316e-10,9.25278881356832e-13
