event_index,numero,distance,skewness,area_of_the_energy_parabola,energy_max,Impulsion
1465,1465,114.79172019496582,1.1813207296322163,9.747425725732161e-12,2.494573465117918e-13,3.615935805061277e-15
