event_index,numero,distance,skewness,area_of_the_energy_parabola,energy_max,Impulsion
919,919,82.9976837620516,-0.5886448288313585,8.571856965614724e-06,1.1799277932965104e-07,3.391404927540995e-09
