event_index,numero,distance,skewness,area_of_the_energy_parabola,energy_max,Impulsion
1885,1885,51.821502973588466,1.0993046471162409,1.8923870902468975e-11,6.462786715176551e-13,3.032116399386208e-14
