event_index,numero,distance,skewness,area_of_the_energy_parabola,energy_max,Impulsion
1670,1670,105.42311503735462,0.8753609678722184,1.774059724524427e-11,7.358332758342875e-13,2.7470984182355177e-14
