event_index,numero,distance,skewness,area_of_the_energy_parabola,energy_max,Impulsion
1087,1087,111.2882365379924,-0.30448743075918866,1.9903631601342743e-11,1.1882580984864943e-12,8.104216939394576e-14
