event_index,numero,distance,skewness,area_of_the_energy_parabola,energy_max,Impulsion
1451,1451,109.58479844293474,1.524615525785136,2.3491643492153497e-11,7.990104566316114e-13,1.8346444957057736e-14
