event_index,numero,distance,skewness,area_of_the_energy_parabola,energy_max,Impulsion
1917,1917,93.27135603100561,-0.43485458405787986,2.2709456148397773e-11,1.3420579833047458e-12,9.297371627237556e-14
