event_index,numero,distance,skewness,area_of_the_energy_parabola,energy_max,Impulsion
45,45,392.3494898376805,2.2775456489010137,9.054235010057242e-11,2.3858527370172326e-12,1.0203749814917049e-13
