event_index,numero,distance,skewness,area_of_the_energy_parabola,energy_max,Impulsion
1421,1421,185.92099434001028,2.4629199271079,6.004581259115705e-11,1.2345757741980568e-12,1.7705698698967702e-14
