event_index,numero,distance,skewness,area_of_the_energy_parabola,energy_max,Impulsion
1505,1505,116.42650862498874,0.7387532253930146,1.0712453354626294e-11,2.5359469206879783e-13,3.0213926832538827e-15
