event_index,numero,distance,skewness,area_of_the_energy_parabola,energy_max,Impulsion
272,272,61.372717901740266,1.1114326466277578,4.375608832736266e-05,2.063017838977325e-06,1.2172998788883323e-07
