event_index,numero,distance,skewness,area_of_the_energy_parabola,energy_max,Impulsion
1910,1910,97.8197227667029,1.4556622879273489,1.178725417857082e-10,2.8176583898119567e-12,1.4765516826376882e-13
