event_index,numero,distance,skewness,area_of_the_energy_parabola,energy_max,Impulsion
1760,1760,170.62185092550604,1.9519677238790427,3.892294728552422e-11,7.40769771533327e-13,3.624918959990193e-15
