event_index,numero,distance,skewness,area_of_the_energy_parabola,energy_max,Impulsion,Signal duration
1043,1043,155.2456548339832,1.293218153026685,6.223199137317968e-09,2.0018017104878114e-10,4.621839482825663e-12,96.0
