event_index,numero,distance,skewness,area_of_the_energy_parabola,energy_max,Impulsion,Durée du signal
1184,1184,40.1027594527333,0.631285044138198,2.77789473420539e-06,1.1005615358608391e-07,4.6859379816027e-09,68.0
