event_index,numero,distance,skewness,area_of_the_energy_parabola,energy_max,Impulsion
2013,2013,108.68464189499826,1.9114318484469186,5.77781569508361e-12,1.5470768292852115e-13,2.6575071134860207e-15
