event_index,numero,distance,skewness,area_of_the_energy_parabola,energy_max,Impulsion
1304,1304,107.99834963867448,1.4527860448868075,1.0130516567812242e-12,2.6308441587660016e-14,4.61054235677502e-16
