event_index,numero,distance,skewness,area_of_the_energy_parabola,energy_max,Impulsion
474,474,94.06168818377314,1.0393996071466043,6.793319114129682e-07,1.9802591414429647e-08,5.917496534665817e-10
