event_index,numero,distance,skewness,area_of_the_energy_parabola,energy_max,Impulsion
1422,1422,104.88801174503622,1.1289288251895178,2.4361546771339815e-11,7.334895484346293e-13,8.783269168989218e-15
