event_index,numero,distance,skewness,area_of_the_energy_parabola,energy_max,Impulsion
1400,1400,108.19374098884195,1.1399197500940101,4.008843747805613e-12,1.0402666678569532e-13,2.1593539629057218e-15
