event_index,numero,distance,skewness,area_of_the_energy_parabola,energy_max,Impulsion
1886,1886,45.63129076066839,0.9997096863755767,1.6335895612343613e-11,4.250767691183673e-13,1.0448178805366446e-14
