event_index,numero,distance,skewness,area_of_the_energy_parabola,energy_max,Impulsion
425,425,250.1546169302046,0.8957016886629303,1.6826005217126578e-07,4.087547873309052e-09,8.419038896487226e-11
