event_index,numero,distance,skewness,area_of_the_energy_parabola,energy_max,Impulsion
1743,1743,100.65424700268919,1.4778546323734956,3.111251541261934e-11,9.46121877485245e-13,5.068204426411936e-14
