event_index,numero,distance,skewness,area_of_the_energy_parabola,energy_max,Impulsion
952,952,406.1406434346347,0.7722995821013716,3.4632411718799875e-07,4.96422473171065e-09,6.716509485669559e-11
