event_index,numero,distance,skewness,area_of_the_energy_parabola,energy_max,Impulsion
1020,1020,110.27594278804811,0.48217177800410943,4.239503635872028e-11,9.28356293912021e-13,2.2904963424132837e-14
