event_index,numero,distance,skewness,area_of_the_energy_parabola,energy_max,Impulsion
1836,1836,110.52655437125648,1.3335522842937995,7.48019838912114e-11,1.9049716603877433e-12,2.319306677901339e-14
