event_index,numero,distance,skewness,area_of_the_energy_parabola,energy_max,Impulsion
273,273,195.31820692127008,1.8546054411234345,1.671388725721249e-08,4.85766699769813e-10,1.1107180966447138e-11
