event_index,numero,distance,skewness,area_of_the_energy_parabola,energy_max,Impulsion
1663,1663,173.57896072856332,1.9196204279347573,1.4419762706929581e-12,2.058380632616703e-14,1.982925073616795e-16
