event_index,numero,distance,skewness,area_of_the_energy_parabola,energy_max,Impulsion
1319,1319,106.11592365732106,0.852263974954556,1.0312275539236359e-11,2.7084619894593065e-13,4.311531458426176e-15
