event_index,numero,distance,skewness,area_of_the_energy_parabola,energy_max,Impulsion
1327,1327,103.68815112329901,0.8764746354643764,8.291837189128118e-12,1.6445813350839623e-13,1.8042281864815483e-15
