event_index,numero,distance,skewness,area_of_the_energy_parabola,energy_max,Impulsion
942,942,157.7657800961637,0.5833452157579099,1.5426872090748604e-07,1.9212605072225745e-09,3.35161421399483e-11
