event_index,numero,distance,skewness,area_of_the_energy_parabola,energy_max,Impulsion,Signal duration
673,673,129.15157982956026,1.549839092859321,4.715505595662517e-09,1.7837963648493355e-10,5.076711912244572e-12,100.0
