event_index,numero,distance,skewness,area_of_the_energy_parabola,energy_max,Impulsion,Durée du signal
459,459,167.49557450433315,0.8082192616632097,3.990821611667343e-07,1.9581934088431995e-08,9.578150821586516e-10,60.0
