event_index,numero,distance,skewness,area_of_the_energy_parabola,energy_max,Impulsion
852,852,98.37012269531388,0.6187293738367111,1.2673255692788475e-06,3.134399021256683e-08,6.987153589073311e-10
