event_index,numero,distance,skewness,area_of_the_energy_parabola,energy_max,Impulsion
1106,1106,105.85371417685295,1.4328809752464102,2.352550977894109e-11,7.476619087882156e-13,9.559218128142158e-15
