event_index,numero,distance,skewness,area_of_the_energy_parabola,energy_max,Impulsion
409,409,153.3708223074833,1.541185150052908,4.293173729717981e-06,2.1973928766677204e-07,4.838217610353511e-09
