event_index,numero,distance,skewness,area_of_the_energy_parabola,energy_max,Impulsion
16,16,219.59568501752446,0.3284617810050967,1.2798404463823077e-07,1.134215654135577e-09,2.977791957180061e-11
