event_index,numero,distance,skewness,area_of_the_energy_parabola,energy_max,Impulsion
1141,1141,9.438464045534095,0.21937931420457887,4.11866871151423e-09,2.3319895778663343e-10,1.2698634402888636e-11
