event_index,numero,distance,skewness,area_of_the_energy_parabola,energy_max,Impulsion
122,122,289.8099290638211,0.5905942989936417,3.149921723157632e-06,4.44253557873407e-08,8.878700997819612e-10
