event_index,numero,distance,skewness,area_of_the_energy_parabola,energy_max,Impulsion
49,49,339.6109380157618,1.1211907200127789,2.304960314300862e-09,5.2639198364789656e-11,1.1905485491723688e-12
