event_index,numero,distance,skewness,area_of_the_energy_parabola,energy_max,Impulsion
1151,1151,106.61963354532189,0.5546796218079771,3.558422632031961e-11,8.483777892088999e-13,1.6858549566806383e-14
