event_index,numero,distance,skewness,area_of_the_energy_parabola,energy_max,Impulsion
632,632,405.6723114136391,0.7746309139366937,2.09325945288975e-08,3.2747149529090655e-10,3.3081725381327175e-12
