event_index,numero,distance,skewness,area_of_the_energy_parabola,energy_max,Impulsion
1003,1003,84.04296117412106,0.8844672532245228,1.895560205297732e-05,9.252205917910493e-07,5.574378184564291e-08
