event_index,numero,distance,skewness,area_of_the_energy_parabola,energy_max,Impulsion
1367,1367,112.64398013897501,1.5950242034436928,3.4520297249479816e-11,1.0765970099429708e-12,1.2945389666947747e-14
