event_index,numero,distance,skewness,area_of_the_energy_parabola,energy_max,Impulsion
1791,1791,85.37060482126266,-0.14451022756370133,3.970068976171979e-11,2.385673041226652e-12,1.306272534709147e-13
