event_index,numero,distance,skewness,area_of_the_energy_parabola,energy_max,Impulsion
1320,1320,105.90860467625141,1.3335753977662212,3.647985995243791e-12,1.1776471461875616e-13,3.7891767343086435e-15
