event_index,numero,distance,skewness,area_of_the_energy_parabola,energy_max,Impulsion
1736,1736,88.60191396976978,-1.1623718580299687,2.1442883174629843e-11,1.3081847034350237e-12,5.5661420315938555e-14
