event_index,numero,distance,skewness,area_of_the_energy_parabola,energy_max,Impulsion
1664,1664,184.40399957618402,2.1309180671212005,3.1344929452152497e-12,5.151793360056737e-14,5.896118833810285e-16
