event_index,numero,distance,skewness,area_of_the_energy_parabola,energy_max,Impulsion
705,705,508.1451376182316,1.0707648155567482,1.8921512163713394e-09,3.0441148979801204e-11,3.024011952597476e-13
