event_index,numero,distance,skewness,area_of_the_energy_parabola,energy_max,Impulsion
1625,1625,287.594643248299,2.2288363566412026,8.32448554843775e-11,2.3213921082479076e-12,1.4231649620087307e-14
