event_index,numero,distance,skewness,area_of_the_energy_parabola,energy_max,Impulsion
1983,1983,103.19703481187226,-0.6605129544025158,1.7521501863396178e-11,1.0349928222339446e-12,6.242663424529706e-14
