event_index,numero,distance,skewness,area_of_the_energy_parabola,energy_max,Impulsion
1216,1216,128.27348199473926,1.3415405219391792,8.885376162301433e-12,2.7719310130906373e-13,3.235070119445448e-15
