event_index,numero,distance,skewness,area_of_the_energy_parabola,energy_max,Impulsion
784,784,126.22456216782004,1.2732704150853231,4.165159102683524e-06,1.4090041788984956e-07,6.121995306258662e-09
