event_index,numero,distance,skewness,area_of_the_energy_parabola,energy_max,Impulsion
1573,1573,117.79239560954633,0.6368975909730467,3.53786306095202e-12,7.290514972191107e-14,2.011959942196034e-15
