event_index,numero,distance,skewness,area_of_the_energy_parabola,energy_max,Impulsion
163,163,504.16045755577204,1.1587828253416415,3.910220989939287e-09,1.4422391895820209e-10,7.982776603536806e-12
