event_index,numero,distance,skewness,area_of_the_energy_parabola,energy_max,Impulsion
1786,1786,95.15359843114953,-0.45939480049867604,2.5056079682829783e-11,1.474574760281676e-12,1.0291913405148387e-13
