event_index,numero,distance,skewness,area_of_the_energy_parabola,energy_max,Impulsion,Durée du signal
1113,1113,206.81600101700982,0.7232130590094303,9.210027640567636e-08,2.062677430704545e-09,4.358189524478213e-11,118.0
