event_index,numero,distance,skewness,area_of_the_energy_parabola,energy_max,Impulsion
968,968,50.80238618786408,1.0985065452369598,4.939378167850824e-06,2.2969020713011418e-07,9.3427481853221e-09
