event_index,numero,distance,skewness,area_of_the_energy_parabola,energy_max,Impulsion
1378,1378,185.09922093857006,2.595574693530596,6.796735480448763e-11,1.5882314265384824e-12,2.4364173104810855e-14
