event_index,numero,distance,skewness,area_of_the_energy_parabola,energy_max,Impulsion
1617,1617,147.17372588485694,0.8649432983736951,2.1390257720561134e-13,1.1524151854881785e-14,4.010993837423321e-16
