event_index,numero,distance,skewness,area_of_the_energy_parabola,energy_max,Impulsion
1824,1824,106.12305118374977,1.728333436595495,5.886268855940186e-11,2.276813928334708e-12,1.3602289671026296e-13
