event_index,numero,distance,skewness,area_of_the_energy_parabola,energy_max,Impulsion
1073,1073,110.43658825706815,-0.19684419859178265,6.388689393987434e-12,8.873600838094324e-14,1.4783178774910669e-15
