event_index,numero,distance,skewness,area_of_the_energy_parabola,energy_max,Impulsion
1068,1068,113.02849302647049,1.0362137752682037,2.9473762336723564e-12,6.741507316950141e-14,1.1272845562227983e-15
