event_index,numero,distance,skewness,area_of_the_energy_parabola,energy_max,Impulsion
1267,1267,106.01295753157683,0.5565874073267801,2.0948399455359573e-11,5.281546749389875e-13,2.2935800777098522e-14
