event_index,numero,distance,skewness,area_of_the_energy_parabola,energy_max,Impulsion
1447,1447,85.25078725142758,1.625934412435822,6.747802198259573e-10,2.4911033444405527e-11,1.4864529942241858e-12
