event_index,numero,distance,skewness,area_of_the_energy_parabola,energy_max,Impulsion
132,132,508.6245349349356,0.9766585401442649,4.1459534520370304e-10,8.134403387451123e-12,1.2776856024133484e-13
