event_index,numero,distance,skewness,area_of_the_energy_parabola,energy_max,Impulsion
1688,1688,117.7867601711539,1.5125687976724462,1.756337046866875e-11,5.217540700412306e-13,6.596385985725411e-15
