event_index,numero,distance,skewness,area_of_the_energy_parabola,energy_max,Impulsion
558,558,85.69540634389664,0.7884427144932742,1.4558581729792326e-06,3.731864394681754e-08,1.1839938359983232e-09
