event_index,numero,distance,skewness,area_of_the_energy_parabola,energy_max,Impulsion
590,590,351.2352562416862,0.45561709659154304,2.0560466571370518e-10,1.7248228534121567e-12,1.7424178711181695e-14
