event_index,numero,distance,skewness,area_of_the_energy_parabola,energy_max,Impulsion
1620,1620,58.355828933438254,-0.8384948361561916,1.1577257596572571e-09,6.882737852200342e-11,5.493671585297769e-12
