event_index,numero,distance,skewness,area_of_the_energy_parabola,energy_max,Impulsion
799,799,452.4900772055874,1.3482913377058856,4.723559304897967e-10,6.780745616816862e-12,9.035525951481e-14
