event_index,numero,distance,skewness,area_of_the_energy_parabola,energy_max,Impulsion
915,915,97.04745348540831,0.3702976198321206,4.2712569439061084e-05,7.770755800451762e-07,1.568078357578578e-08
