event_index,numero,distance,skewness,area_of_the_energy_parabola,energy_max,Impulsion
1518,1518,116.58363858230477,1.1422475650741177,1.2143435616619122e-11,3.558352372805773e-13,6.11384326596236e-15
