event_index,numero,distance,skewness,area_of_the_energy_parabola,energy_max,Impulsion
1530,1530,101.62762058027542,1.0294833870772262,2.3780342174072414e-12,7.848225158794058e-14,1.5692292315738233e-15
