event_index,numero,distance,skewness,area_of_the_energy_parabola,energy_max,Impulsion
1575,1575,114.67677954775726,0.7588586285496353,2.864049997695215e-13,4.693759760704768e-15,9.45896938236561e-17
