event_index,numero,distance,skewness,area_of_the_energy_parabola,energy_max,Impulsion
1084,1084,104.87989405831398,1.0803844534437372,2.284062707119911e-10,6.934327455885234e-12,7.778800973761997e-14
