event_index,numero,distance,skewness,area_of_the_energy_parabola,energy_max,Impulsion
1776,1776,128.62946095943187,1.2767716546236396,3.0756696074533385e-12,7.066055524658096e-14,7.520299720874539e-16
