event_index,numero,distance,skewness,area_of_the_energy_parabola,energy_max,Impulsion
1749,1749,85.39356836172772,-0.8300054377692577,1.5347087299520823e-11,9.315843318874744e-13,4.0031730138990727e-14
