event_index,numero,distance,skewness,area_of_the_energy_parabola,energy_max,Impulsion
1944,1944,106.3364939919274,1.1670509628751762,2.1848180140550252e-11,9.330627240520696e-13,4.1251512339178995e-14
