event_index,numero,distance,skewness,area_of_the_energy_parabola,energy_max,Impulsion
548,548,442.3556109107244,0.44852698186481876,7.240143956226564e-11,1.1714463635535936e-12,1.8086699689550417e-14
