event_index,numero,distance,skewness,area_of_the_energy_parabola,energy_max,Impulsion
192,192,95.06851156303794,1.4826832325200876,6.191789496113674e-07,1.9222292366287452e-08,7.060881164224352e-10
