event_index,numero,distance,skewness,area_of_the_energy_parabola,energy_max,Impulsion
1811,1811,115.19838384721254,1.6876405074066616,5.3515274878640273e-11,2.044885959976059e-12,3.4162076905903505e-14
