event_index,numero,distance,skewness,area_of_the_energy_parabola,energy_max,Impulsion
1732,1732,175.63270131401245,1.2569357322017145,2.0207291319986504e-11,2.8677937170526854e-13,1.3304618466673455e-15
