event_index,numero,distance,skewness,area_of_the_energy_parabola,energy_max,Impulsion
589,589,351.4316765485044,1.0482423383119948,6.856240394108294e-10,1.050277561752835e-11,1.60881512130972e-13
