event_index,numero,distance,skewness,area_of_the_energy_parabola,energy_max,Impulsion
1801,1801,179.77444857873473,2.3331923254653417,6.319205319594566e-11,1.36856974356018e-12,2.0899121159465163e-14
