event_index,numero,distance,skewness,area_of_the_energy_parabola,energy_max,Impulsion
1863,1863,96.82377122772829,-0.36891773057842053,3.2974177243485374e-11,1.9932909301025836e-12,9.574708679358851e-14
