event_index,numero,distance,skewness,area_of_the_energy_parabola,energy_max,Impulsion
1874,1874,48.69235517712618,1.0486804268020498,1.2536674960095832e-11,4.2928010569081124e-13,1.6606205387929724e-14
