event_index,numero,distance,skewness,area_of_the_energy_parabola,energy_max,Impulsion
1086,1086,108.13419546647407,0.8175225082709929,4.027766261825448e-11,9.467907574485024e-13,2.6333366120241577e-14
