event_index,numero,distance,skewness,area_of_the_energy_parabola,energy_max,Impulsion
1623,1623,113.79670052444277,-0.2743240906682355,1.3550128986196953e-11,7.990295658528807e-13,5.580957086647457e-14
