event_index,numero,distance,skewness,area_of_the_energy_parabola,energy_max,Impulsion
1286,1286,111.81155893732026,0.8640052031373914,1.4407914008703749e-11,2.9874459370660414e-13,3.5284700252636195e-15
