event_index,numero,distance,skewness,area_of_the_energy_parabola,energy_max,Impulsion,Signal duration
1298,1298,49.47492820127186,-0.8552874920717881,3.0768441108965937e-06,1.8370709933611144e-07,1.1887915819945948e-08,22.0
