event_index,numero,distance,skewness,area_of_the_energy_parabola,energy_max,Impulsion
681,681,76.16061140012044,0.5004610755958836,3.8061068643392504e-06,1.1621984770588878e-07,4.100696566819598e-09
