event_index,numero,distance,skewness,area_of_the_energy_parabola,energy_max,Impulsion
593,593,436.75382382397146,1.4014758826083538,2.4566055834269756e-08,6.665378982427328e-10,1.2230434967197164e-11
