event_index,numero,distance,skewness,area_of_the_energy_parabola,energy_max,Impulsion,Durée du signal
246,246,169.72713954465146,0.9706885774652836,1.745056749163531e-10,6.099793049796495e-12,1.5393065028068711e-13,82.0
