event_index,numero,distance,skewness,area_of_the_energy_parabola,energy_max,Impulsion,Durée du signal
703,703,80.87909862680743,1.1280033353220318,5.6678778187010855e-08,2.5032729803213446e-09,1.523601057953962e-10,76.0
