event_index,numero,distance,skewness,area_of_the_energy_parabola,energy_max,Impulsion
1176,1176,54.100594853439866,1.1340333696141551,1.8388615447293298e-11,6.24311653882506e-13,3.002674905217527e-14
