event_index,numero,distance,skewness,area_of_the_energy_parabola,energy_max,Impulsion
1761,1761,112.37945265839353,0.7661918207648138,1.4204363588055885e-11,5.461209548820212e-13,1.7670873485883314e-14
