event_index,numero,distance,skewness,area_of_the_energy_parabola,energy_max,Impulsion
1116,1116,113.92144473812641,0.4917409775759972,2.4093900127993976e-11,5.039444549851107e-13,8.839904000195656e-15
