event_index,numero,distance,skewness,area_of_the_energy_parabola,energy_max,Impulsion
613,613,5.429149896636609,0.5139876696253043,0.00032956545254084283,1.7896895733137432e-05,1.124800302220707e-06
