event_index,numero,distance,skewness,area_of_the_energy_parabola,energy_max,Impulsion
1069,1069,112.02751796431507,1.2738666041514841,4.097667229126692e-11,1.0556780827507737e-12,2.7467550862204795e-14
