event_index,numero,distance,skewness,area_of_the_energy_parabola,energy_max,Impulsion
1048,1048,177.7506854999079,1.884686579184806,4.5617488162727595e-11,7.703009505361602e-13,7.914996190181286e-15
