event_index,numero,distance,skewness,area_of_the_energy_parabola,energy_max,Impulsion
2001,2001,113.61283692947086,1.0234134631840492,3.404714458874212e-11,1.5259770767378692e-12,7.201778004759588e-14
