event_index,numero,distance,skewness,area_of_the_energy_parabola,energy_max,Impulsion
907,907,407.48999645749905,1.3663548357136122,4.460148451223834e-08,9.601903955836772e-10,1.9630393792451908e-11
