event_index,numero,distance,skewness,area_of_the_energy_parabola,energy_max,Impulsion
1851,1851,50.32815705954005,1.4007685399850287,1.0137644907062495e-11,3.276895647395762e-13,1.5315120518689654e-14
