event_index,numero,distance,skewness,area_of_the_energy_parabola,energy_max,Impulsion
1517,1517,179.30753280417147,2.8963488433306472,1.5613297583989983e-11,4.69535368899729e-13,2.3706156556565065e-15
