event_index,numero,distance,skewness,area_of_the_energy_parabola,energy_max,Impulsion
323,323,180.9208444013056,0.6497001264211675,1.1589928761320268e-06,2.4457854439428063e-08,3.9954112387043503e-10
