event_index,numero,distance,skewness,area_of_the_energy_parabola,energy_max,Impulsion
1058,1058,181.50908486344585,2.36424944867626,1.63451374495207e-11,3.7062995457812337e-13,3.918489452136193e-15
