event_index,numero,distance,skewness,area_of_the_energy_parabola,energy_max,Impulsion
1331,1331,113.24621652304981,1.5423196089099072,2.379398084691196e-11,6.072516598435906e-13,1.3779369920514485e-14
