event_index,numero,distance,skewness,area_of_the_energy_parabola,energy_max,Impulsion
1046,1046,183.43402385802412,1.778537754285156,3.602497214623117e-11,6.432394799095116e-13,8.529650894236286e-15
