event_index,numero,distance,skewness,area_of_the_energy_parabola,energy_max,Impulsion
1978,1978,108.79006386790448,1.703610624736644,4.6230135672237113e-11,1.754807783776186e-12,2.828647515016e-14
