event_index,numero,distance,skewness,area_of_the_energy_parabola,energy_max,Impulsion
1220,1220,179.6662747538921,1.9984390313780185,2.7334045122219238e-11,4.79096350707653e-13,6.728161127157188e-15
