event_index,numero,distance,skewness,area_of_the_energy_parabola,energy_max,Impulsion
2003,2003,114.60060180693772,1.4196070426589473,2.616518264657149e-11,8.292470265350027e-13,1.8977977089007914e-14
