event_index,numero,distance,skewness,area_of_the_energy_parabola,energy_max,Impulsion
1425,1425,114.03792456405458,1.3449907565555244,3.691437112987735e-11,1.000833712288205e-12,1.1687856139098837e-14
