event_index,numero,distance,skewness,area_of_the_energy_parabola,energy_max,Impulsion
378,378,157.11324780466526,0.9430787652542342,7.68731634145717e-07,2.9651335821473314e-08,1.787022834600454e-09
