event_index,numero,distance,skewness,area_of_the_energy_parabola,energy_max,Impulsion,Durée du signal
992,992,161.55663155976697,0.9181001855674817,2.2406737351142594e-11,1.6978309498592232e-13,7.078462774772878e-16,338.0
