event_index,numero,distance,skewness,area_of_the_energy_parabola,energy_max,Impulsion,Signal duration
499,499,108.38691083338867,1.2847800249440053,2.9828242123294905e-10,1.1496146213156619e-11,2.8533858593681597e-13,88.0
