event_index,numero,distance,skewness,area_of_the_energy_parabola,energy_max,Impulsion
1630,1630,85.64761849824873,-0.4612000908649032,1.2315270433273328e-11,7.286013429278008e-13,4.4280971363567983e-14
