event_index,numero,distance,skewness,area_of_the_energy_parabola,energy_max,Impulsion
775,775,427.32307463623533,0.3945748902629851,2.161129557449614e-08,4.606975994028205e-10,1.550564014938175e-11
