event_index,numero,distance,skewness,area_of_the_energy_parabola,energy_max,Impulsion
1374,1374,108.9073051848623,-0.14568488032830385,9.049903870615872e-12,1.3159513881052476e-13,1.15164347120076e-15
