event_index,numero,distance,skewness,area_of_the_energy_parabola,energy_max,Impulsion
356,356,125.91059639771338,2.2178478999717557,4.671882285274384e-06,1.7029493994112438e-07,4.921460690895277e-09
