event_index,numero,distance,skewness,area_of_the_energy_parabola,energy_max,Impulsion
914,914,206.38147200889594,1.3455630007125594,5.827771236209837e-09,9.97331028964527e-11,2.917265212560049e-12
