event_index,numero,distance,skewness,area_of_the_energy_parabola,energy_max,Impulsion
1412,1412,56.30298031919607,1.204583691958528,1.1665240023869184e-11,3.935859144207259e-13,1.8569377932607586e-14
