event_index,numero,distance,skewness,area_of_the_energy_parabola,energy_max,Impulsion
1927,1927,107.51254531422809,1.0979530773708155,5.395466231156905e-11,1.8197644790092625e-12,3.3641900362957996e-14
