event_index,numero,distance,skewness,area_of_the_energy_parabola,energy_max,Impulsion
258,258,95.3421748976827,0.17060476125291843,1.5210164039226123e-12,9.313328705754159e-15,5.267116084174307e-17
