event_index,numero,distance,skewness,area_of_the_energy_parabola,energy_max,Impulsion
1490,1490,119.73712442244725,1.5658374235206625,9.575973139325568e-12,2.723011392603448e-13,5.946498324301863e-15
