event_index,numero,distance,skewness,area_of_the_energy_parabola,energy_max,Impulsion
1161,1161,116.28764468626558,1.8832661085066782,1.530048706829427e-11,4.821176687276229e-13,9.697540571161819e-15
