event_index,numero,distance,skewness,area_of_the_energy_parabola,energy_max,Impulsion
902,902,301.44700779877803,0.4280683391679296,1.4678386488631988e-07,2.267507515316685e-09,4.3637692875958034e-11
