event_index,numero,distance,skewness,area_of_the_energy_parabola,energy_max,Impulsion,Signal duration
775,775,84.99616905087335,1.1899358665366968,9.839894342292223e-09,5.022902464473322e-10,1.8839324374030562e-11,70.0
