event_index,numero,distance,skewness,area_of_the_energy_parabola,energy_max,Impulsion
437,437,240.00704665559238,0.4801879481568076,7.347626966979882e-05,1.4016286463059373e-06,3.1406723436512665e-08
