event_index,numero,distance,skewness,area_of_the_energy_parabola,energy_max,Impulsion,Signal duration
1890,1890,198.2774508357225,0.700748707057024,3.211314186432891e-15,1.9495146378982223e-17,5.32989854311322e-19,354.0
