event_index,numero,distance,skewness,area_of_the_energy_parabola,energy_max,Impulsion,Durée du signal
1350,1350,177.3620707471386,0.34153770689066587,1.5776021854385556e-07,1.3253572745156661e-09,1.5591258355287486e-11,240.0
