event_index,numero,distance,skewness,area_of_the_energy_parabola,energy_max,Impulsion
524,524,88.58025033069435,0.5279794270114353,0.00010964919350130154,3.889110118444209e-06,1.2177112280699384e-07
