event_index,numero,distance,skewness,area_of_the_energy_parabola,energy_max,Impulsion
1363,1363,174.1530784724716,1.9041984777193193,9.908794435366464e-11,2.193551100875455e-12,9.461482857781277e-14
