event_index,numero,distance,skewness,area_of_the_energy_parabola,energy_max,Impulsion
1452,1452,122.8925694470042,1.555103568227125,2.2909740315542255e-12,8.999377367674552e-14,1.8104022674147663e-15
