event_index,numero,distance,skewness,area_of_the_energy_parabola,energy_max,Impulsion,Signal duration
254,254,23.179393371722153,0.5739966621194802,7.017649677703542e-08,3.7103714978696695e-09,1.8089441018488622e-10,48.0
