event_index,numero,distance,skewness,area_of_the_energy_parabola,energy_max,Impulsion
1540,1540,104.7895600850397,1.5922475773335996,3.171901559863441e-10,1.2590414521664454e-11,7.322874502506423e-13
