event_index,numero,distance,skewness,area_of_the_energy_parabola,energy_max,Impulsion
713,713,275.8384425334151,1.360048482898549,4.4761138994419364e-07,1.2429277895027097e-08,3.2488837634468874e-10
