event_index,numero,distance,skewness,area_of_the_energy_parabola,energy_max,Impulsion
1455,1455,128.33223801480736,0.9589590833408976,4.8096970629847584e-12,2.1693739889979192e-13,7.54669364535534e-15
