event_index,numero,distance,skewness,area_of_the_energy_parabola,energy_max,Impulsion
250,250,513.0808238921019,1.3070318559524878,1.3119071415065186e-06,2.6519126984418864e-08,4.1637777501523344e-10
