event_index,numero,distance,skewness,area_of_the_energy_parabola,energy_max,Impulsion
64,64,389.6241862628052,0.4103209733270887,1.7316173589314678e-09,1.6014097619501195e-11,8.843477495256373e-13
