event_index,numero,distance,skewness,area_of_the_energy_parabola,energy_max,Impulsion,Durée du signal
1777,1777,141.00390264831105,1.346593820077294,3.934470723979334e-10,1.8177475023543174e-11,6.735239987720141e-13,86.0
