event_index,numero,distance,skewness,area_of_the_energy_parabola,energy_max,Impulsion
1098,1098,118.62163495284383,0.6028188696598034,6.532449502371925e-12,1.4248277091111292e-13,3.361817977759016e-15
