event_index,numero,distance,skewness,area_of_the_energy_parabola,energy_max,Impulsion
746,746,317.61310614556135,0.8998343266578029,6.115892902367945e-08,8.756932940043464e-10,9.40474664342881e-12
