event_index,numero,distance,skewness,area_of_the_energy_parabola,energy_max,Impulsion,Durée du signal
1461,1461,73.79423918394775,0.730131491058184,7.091055324217051e-07,2.5830664104633315e-08,8.97599044034147e-10,76.0
