event_index,numero,distance,skewness,area_of_the_energy_parabola,energy_max,Impulsion
1707,1707,99.52701601436797,-0.9255975974828844,1.5189764165146112e-11,9.021983721624776e-13,6.264381376710376e-14
