event_index,numero,distance,skewness,area_of_the_energy_parabola,energy_max,Impulsion
324,324,179.29804287206872,0.2925397445268694,1.417584592026801e-05,2.676022985531988e-07,6.217376702184531e-09
