event_index,numero,distance,skewness,area_of_the_energy_parabola,energy_max,Impulsion
1506,1506,111.63986526386635,1.1423333082679688,1.3486960077348712e-12,3.6620170206976175e-14,8.516839677020695e-16
