event_index,numero,distance,skewness,area_of_the_energy_parabola,energy_max,Impulsion,Durée du signal
243,243,26.193089511618886,0.7683296120733765,8.474494184359333e-08,4.597172677191006e-09,2.806304450374827e-10,54.0
