event_index,numero,distance,skewness,area_of_the_energy_parabola,energy_max,Impulsion
1219,1219,113.27525941927837,0.8917501123449723,4.6732729782076006e-11,2.1148470243380264e-12,1.0064233197819554e-13
