event_index,numero,distance,skewness,area_of_the_energy_parabola,energy_max,Impulsion
1226,1226,111.37324362137448,1.7998169024114457,7.956675043679111e-12,1.4466900834011576e-13,1.9437520733513573e-15
