event_index,numero,distance,skewness,area_of_the_energy_parabola,energy_max,Impulsion
904,904,186.19196789073158,0.5803086252574211,7.146253068274814e-08,1.111696607563804e-09,2.2322584439706116e-11
