event_index,numero,distance,skewness,area_of_the_energy_parabola,energy_max,Impulsion,Signal duration
1940,1940,47.0793724792277,0.8986242445486325,7.621820182105446e-09,3.5415629034905265e-10,2.089598930797032e-11,64.0
