event_index,numero,distance,skewness,area_of_the_energy_parabola,energy_max,Impulsion
530,530,258.64981680339815,0.9883175285412882,1.6855925507531668e-07,5.117357973019855e-09,1.5347757247934883e-10
