event_index,numero,distance,skewness,area_of_the_energy_parabola,energy_max,Impulsion
1502,1502,80.5310529979718,-1.1424731536280672,1.7112618488436434e-11,1.0308527072272207e-12,6.423942436756435e-14
