event_index,numero,distance,skewness,area_of_the_energy_parabola,energy_max,Impulsion,Durée du signal
163,163,187.38633965775085,1.1236969276502613,1.7354436766469238e-10,3.66136263610169e-12,5.973460935609882e-14,138.0
