event_index,numero,distance,skewness,area_of_the_energy_parabola,energy_max,Impulsion
436,436,229.6663595994539,0.430814506645736,5.410538787608353e-07,8.193118148452919e-09,1.1525167396213256e-10
