event_index,numero,distance,skewness,area_of_the_energy_parabola,energy_max,Impulsion
14,14,209.2044099470619,0.25754966667373735,1.3912628631546317e-08,1.6778612769745e-10,3.065567407620053e-12
