event_index,numero,distance,skewness,area_of_the_energy_parabola,energy_max,Impulsion
1718,1718,119.24449684128653,1.5061182824599124,1.7845102742970245e-11,6.294559933051451e-13,8.960959358105549e-15
