event_index,numero,distance,skewness,area_of_the_energy_parabola,energy_max,Impulsion
1435,1435,120.62593394040432,1.6933714653746548,6.592051896174323e-11,2.09501747918239e-12,2.527601198693573e-14
