event_index,numero,distance,skewness,area_of_the_energy_parabola,energy_max,Impulsion
1772,1772,9.051016626767725,0.3841576109278658,2.3560838178225253e-09,1.317233410884458e-10,7.87785971767755e-12
