event_index,numero,distance,skewness,area_of_the_energy_parabola,energy_max,Impulsion
2026,2026,111.3030908753913,1.4888145275518507,2.7678297450078433e-11,6.578953709910965e-13,7.31058684031304e-15
