event_index,numero,distance,skewness,area_of_the_energy_parabola,energy_max,Impulsion
1602,1602,92.48793617456525,-1.5086116002089125,2.1017593831097903e-11,1.290471301689144e-12,6.480446851994218e-14
