event_index,numero,distance,skewness,area_of_the_energy_parabola,energy_max,Impulsion
1463,1463,104.54795622193458,0.08066601435753289,1.9880360117656876e-11,3.85504205396215e-13,4.746793525686193e-15
