event_index,numero,distance,skewness,area_of_the_energy_parabola,energy_max,Impulsion
145,145,456.45072462868325,1.307557649529361,2.8835080443067217e-08,6.93725722370198e-10,1.0931057757825915e-11
