event_index,numero,distance,skewness,area_of_the_energy_parabola,energy_max,Impulsion
1879,1879,47.211622220564955,1.3397551343883072,2.7477177332506412e-11,9.131818602677225e-13,2.1962492794760327e-14
