event_index,numero,distance,skewness,area_of_the_energy_parabola,energy_max,Impulsion
872,872,73.89409537241819,-1.1951697927705458,0.00013610134590809998,8.170113033034114e-06,5.161114850914471e-07
