event_index,numero,distance,skewness,area_of_the_energy_parabola,energy_max,Impulsion
1498,1498,99.79395064301468,0.22808850960552357,7.036372265920384e-12,9.946431742004068e-14,8.291358287199881e-16
