event_index,numero,distance,skewness,area_of_the_energy_parabola,energy_max,Impulsion
1124,1124,119.78285593331513,0.9074874443671609,2.8485624190981345e-12,8.672390871981989e-14,1.9779207995980062e-15
