event_index,numero,distance,skewness,area_of_the_energy_parabola,energy_max,Impulsion
1640,1640,100.04386028241446,1.3137478601724875,5.618338954756407e-10,2.2459568969989108e-11,1.0654762947766514e-12
