event_index,numero,distance,skewness,area_of_the_energy_parabola,energy_max,Impulsion
1846,1846,53.507847499971376,1.1010176164917913,5.353477140305609e-12,1.6714909055287207e-13,7.753603998381794e-15
