event_index,numero,distance,skewness,area_of_the_energy_parabola,energy_max,Impulsion
487,487,167.9149875285644,1.1425092924007196,3.529701421290675e-07,1.506826570284332e-08,4.0771627477221717e-10
