event_index,numero,distance,skewness,area_of_the_energy_parabola,energy_max,Impulsion
2022,2022,87.9536627759245,-0.3659975818668737,1.3112330966486946e-11,7.834004912269055e-13,5.327855610019978e-14
