event_index,numero,distance,skewness,area_of_the_energy_parabola,energy_max,Impulsion
1594,1594,48.021547850362786,1.1086224975358039,1.2512576938845814e-11,4.2389209786144017e-13,1.8631997319616877e-14
