event_index,numero,distance,skewness,area_of_the_energy_parabola,energy_max,Impulsion
733,733,142.49683065714862,0.38045648936227106,2.646405163860264e-08,3.661825641625643e-10,7.218852765702455e-12
