event_index,numero,distance,skewness,area_of_the_energy_parabola,energy_max,Impulsion
929,929,334.5785845939484,1.2228787253134903,9.421181381794592e-08,1.6358943002150251e-09,1.3201201586699685e-11
