event_index,numero,distance,skewness,area_of_the_energy_parabola,energy_max,Impulsion
1939,1939,111.13612143092,0.5166545591232801,3.6018235397557166e-11,1.0431806924253318e-12,1.976163400636998e-14
