event_index,numero,distance,skewness,area_of_the_energy_parabola,energy_max,Impulsion
1050,1050,38.05899271800136,2.3434525762112646,1.1983004392008464e-11,5.162006242507291e-13,3.289127020635169e-14
