event_index,numero,distance,skewness,area_of_the_energy_parabola,energy_max,Impulsion
1643,1643,99.53254066958444,0.9251774768749177,3.223786268120545e-11,1.309724304630878e-12,5.2880629735512424e-14
