event_index,numero,distance,skewness,area_of_the_energy_parabola,energy_max,Impulsion
291,291,92.21466065704708,2.6263167033986883,2.6285924146773716e-12,3.375168876837399e-14,1.0950164925608821e-15
