event_index,numero,distance,skewness,area_of_the_energy_parabola,energy_max,Impulsion
1373,1373,116.05423229597672,0.20588020004017804,1.6630271332836918e-12,2.5038863930236e-14,4.956104938760035e-16
