event_index,numero,distance,skewness,area_of_the_energy_parabola,energy_max,Impulsion
1334,1334,111.41772249508202,0.8192511196226491,1.1496809787210273e-11,2.6401224836253054e-13,3.347766128751864e-15
