event_index,numero,distance,skewness,area_of_the_energy_parabola,energy_max,Impulsion
1683,1683,125.57627298294963,0.6343909526076914,4.880893775052977e-12,1.2235244491552328e-13,1.748792767439367e-15
