event_index,numero,distance,skewness,area_of_the_energy_parabola,energy_max,Impulsion
229,229,51.44077673548978,0.6750829728272167,7.740405431868542e-06,2.4632591498427734e-07,1.1723170200978508e-08
