event_index,numero,distance,skewness,area_of_the_energy_parabola,energy_max,Impulsion
242,242,94.93309734098077,1.2185753373850308,2.34372743239679e-06,6.65893072131455e-08,1.5860831041099202e-09
