event_index,numero,distance,skewness,area_of_the_energy_parabola,energy_max,Impulsion
30,30,181.70290116919722,0.8114549588883221,5.663947526691095e-07,8.25155299236703e-09,6.296398211124365e-11
