event_index,numero,distance,skewness,area_of_the_energy_parabola,energy_max,Impulsion
1582,1582,65.36678713566761,0.1845617885589026,1.5298107733051148e-10,8.779523021179989e-12,5.336152170569524e-13
