event_index,numero,distance,skewness,area_of_the_energy_parabola,energy_max,Impulsion
644,644,408.1561589796545,1.3311904190344879,9.646973777212443e-07,2.304250020207905e-08,1.0832153296098063e-09
