event_index,numero,distance,skewness,area_of_the_energy_parabola,energy_max,Impulsion
814,814,41.4212152898724,0.9403953598540852,5.938337143075889e-07,2.213979402492481e-08,1.0822474755449692e-09
