event_index,numero,distance,skewness,area_of_the_energy_parabola,energy_max,Impulsion
1104,1104,110.95691522207643,0.6554484887066421,6.382133283764553e-12,1.5398250980235882e-13,2.0983389566037667e-15
