event_index,numero,distance,skewness,area_of_the_energy_parabola,energy_max,Impulsion
1695,1695,119.19280951668483,1.5756592472296014,5.680340609345602e-12,1.6165357516252306e-13,2.6643101069112365e-15
