event_index,numero,distance,skewness,area_of_the_energy_parabola,energy_max,Impulsion
25,25,476.6281203869342,1.4328092580403728,8.127875993755149e-08,1.6536040485032477e-09,2.047914024418919e-11
