event_index,numero,distance,skewness,area_of_the_energy_parabola,energy_max,Impulsion
1823,1823,123.09182979894224,0.43681474893290384,1.918422596734463e-11,3.339566929728013e-13,4.135299307908332e-15
