event_index,numero,distance,skewness,area_of_the_energy_parabola,energy_max,Impulsion
1538,1538,186.13139162816148,1.6990816457715512,1.427244468563316e-12,2.8379315539540474e-14,1.6357634202886856e-15
