event_index,numero,distance,skewness,area_of_the_energy_parabola,energy_max,Impulsion
183,183,344.51558842698074,1.2474636917175632,3.4379388345507564e-07,7.635530087278783e-09,1.2323472848785263e-10
