event_index,numero,distance,skewness,area_of_the_energy_parabola,energy_max,Impulsion
665,665,264.4733126464739,1.3762184200995868,2.7413600424862807e-08,8.589457079487274e-10,2.018826706507477e-11
