event_index,numero,distance,skewness,area_of_the_energy_parabola,energy_max,Impulsion
1021,1021,108.14436678033417,0.7743208103185039,3.5481761768852184e-11,1.5830879134423068e-12,6.875781988635728e-14
