event_index,numero,distance,skewness,area_of_the_energy_parabola,energy_max,Impulsion
930,930,382.07749189081306,1.458813570288783,3.823863368586229e-08,9.859084985688124e-10,1.4186998955480632e-11
