event_index,numero,distance,skewness,area_of_the_energy_parabola,energy_max,Impulsion
1414,1414,111.49623309581193,0.799683083244089,3.939105056382691e-11,1.519353023968559e-12,6.68373293393074e-14
