event_index,numero,distance,skewness,area_of_the_energy_parabola,energy_max,Impulsion
130,130,77.63179411398842,1.669453417570202,7.840590782446982e-15,8.034402750019914e-17,1.234349845316729e-18
