event_index,numero,distance,skewness,area_of_the_energy_parabola,energy_max,Impulsion
1754,1754,114.91285946249327,1.3590423188976974,2.838950931781226e-12,8.375330169273928e-14,2.8732394784282284e-15
