event_index,numero,distance,skewness,area_of_the_energy_parabola,energy_max,Impulsion
1139,1139,114.59939021911164,1.5926123543501922,1.6298448519121347e-11,5.694574392420591e-13,7.050442549535452e-15
