event_index,numero,distance,skewness,area_of_the_energy_parabola,energy_max,Impulsion
1821,1821,141.06502869530019,-0.04912038668359312,1.4572269061794145e-12,1.9836658366837316e-14,1.950068680957211e-16
