event_index,numero,distance,skewness,area_of_the_energy_parabola,energy_max,Impulsion
1961,1961,106.26124903661895,0.404393853817465,1.5225888082144163e-11,3.473732423847218e-13,5.645433226727892e-15
