event_index,numero,distance,skewness,area_of_the_energy_parabola,energy_max,Impulsion
1261,1261,100.51435496595468,1.4101886269683137,5.878783105008521e-12,1.3191090003376007e-13,1.6657865462572897e-15
