event_index,numero,distance,skewness,area_of_the_energy_parabola,energy_max,Impulsion
1160,1160,98.39999262134042,0.773462572476347,8.025138675872323e-11,2.2153721089245963e-12,2.4715890141660902e-14
