event_index,numero,distance,skewness,area_of_the_energy_parabola,energy_max,Impulsion
1814,1814,83.87801829810547,2.7255579400494687,6.806076006593365e-13,1.5138061645051156e-14,5.530202146392021e-16
