event_index,numero,distance,skewness,area_of_the_energy_parabola,energy_max,Impulsion
1706,1706,101.25582755281927,1.2672768584098981,1.4650862938373278e-10,4.1575845372053164e-12,4.873722427361895e-14
