event_index,numero,distance,skewness,area_of_the_energy_parabola,energy_max,Impulsion
1249,1249,11.015706485121381,0.1347001865701012,2.184497497042929e-09,1.2525415692675333e-10,6.117590421326184e-12
