event_index,numero,distance,skewness,area_of_the_energy_parabola,energy_max,Impulsion
1298,1298,104.47122054593791,1.022394637351204,3.5303667316462114e-12,7.722929937662293e-14,8.665852189708797e-16
