event_index,numero,distance,skewness,area_of_the_energy_parabola,energy_max,Impulsion
1118,1118,119.50818839335933,0.9220516183994747,8.719577777624442e-12,3.420029911937565e-13,1.38260295532525e-14
