event_index,numero,distance,skewness,area_of_the_energy_parabola,energy_max,Impulsion
1079,1079,100.8762735044142,1.5380183581431883,6.619746307460512e-10,2.345682764585741e-11,2.5192438619808654e-13
