event_index,numero,distance,skewness,area_of_the_energy_parabola,energy_max,Impulsion
133,133,514.4779081500403,0.6668560778386495,9.976200395855796e-08,2.5071409038814834e-09,9.936032700739075e-11
