event_index,numero,distance,skewness,area_of_the_energy_parabola,energy_max,Impulsion
1951,1951,87.09404422163786,-0.7793846286617596,3.5493086966424884e-11,2.1601301084534717e-12,1.0689557952629615e-13
