event_index,numero,distance,skewness,area_of_the_energy_parabola,energy_max,Impulsion
1108,1108,118.49748330186058,0.49040209656228906,1.4027717032487324e-11,2.1488885364810215e-13,2.3218883637100194e-15
