event_index,numero,distance,skewness,area_of_the_energy_parabola,energy_max,Impulsion
1599,1599,93.33062864747876,-1.1425065300482804,3.553576906419538e-11,2.1654672066045594e-12,9.671041517024809e-14
