event_index,numero,distance,skewness,area_of_the_energy_parabola,energy_max,Impulsion
608,608,160.7326074348291,1.0911461343172084,1.0634335524888877e-06,2.514545983974133e-08,6.31235942076648e-10
