event_index,numero,distance,skewness,area_of_the_energy_parabola,energy_max,Impulsion
1636,1636,103.4355134073041,0.876750620641379,8.673425340398927e-12,2.222141818070448e-13,3.0992411678235655e-15
