event_index,numero,distance,skewness,area_of_the_energy_parabola,energy_max,Impulsion
1992,1992,128.1750152462219,0.5483873405381068,2.9086842529241354e-11,1.690847913872903e-12,1.003280389725869e-13
