event_index,numero,distance,skewness,area_of_the_energy_parabola,energy_max,Impulsion
1958,1958,104.80166148855028,0.35695988665768286,2.505757145772961e-11,7.024413258734831e-13,1.5299931998167092e-14
