event_index,numero,distance,skewness,area_of_the_energy_parabola,energy_max,Impulsion,Signal duration
1657,1657,206.71153752150056,0.7328425930331846,1.1419737895719373e-06,1.9621811427866062e-08,3.3595280373140086e-10,156.0
