event_index,numero,distance,skewness,area_of_the_energy_parabola,energy_max,Impulsion
1891,1891,53.652687612084506,1.1838698054581496,1.9842403091244074e-11,6.940035111795238e-13,3.331340203251346e-14
