event_index,numero,distance,skewness,area_of_the_energy_parabola,energy_max,Impulsion
1901,1901,93.61450144306126,-0.9328151684034146,1.8449154662626085e-11,1.0966408882555095e-12,7.580163672442676e-14
