event_index,numero,distance,skewness,area_of_the_energy_parabola,energy_max,Impulsion
308,308,513.981317385,0.9592043034099103,7.286508817502781e-10,1.7632681915134237e-11,2.1310439870585731e-13
