event_index,numero,distance,skewness,area_of_the_energy_parabola,energy_max,Impulsion,Signal duration
1109,1109,124.74696599642098,0.2666304640593389,9.230970757601527e-18,5.346067389409253e-20,1.2561392969855757e-21,336.0
