event_index,numero,distance,skewness,area_of_the_energy_parabola,energy_max,Impulsion
826,826,284.6134962396204,0.9983550867744918,3.547767542741082e-09,7.620789700240137e-11,1.6391914852708933e-12
