event_index,numero,distance,skewness,area_of_the_energy_parabola,energy_max,Impulsion
1745,1745,113.50628477593968,-0.2639450623048043,8.01997550454597e-12,1.15257934950144e-13,1.2660599892181932e-15
