event_index,numero,distance,skewness,area_of_the_energy_parabola,energy_max,Impulsion
2020,2020,106.22587526438134,0.6666640838308896,2.4006457799334104e-11,5.366806071046869e-13,4.995526331224726e-15
