event_index,numero,distance,skewness,area_of_the_energy_parabola,energy_max,Impulsion
1078,1078,183.8371144733475,1.0131227943646126,1.246553333792377e-11,1.392255166305654e-13,1.3078738202245727e-15
