event_index,numero,distance,skewness,area_of_the_energy_parabola,energy_max,Impulsion
616,616,259.33932059852407,1.592521172039605,3.741819760665516e-07,1.42205569546827e-08,3.1351394683356094e-10
