event_index,numero,distance,skewness,area_of_the_energy_parabola,energy_max,Impulsion
685,685,442.67255535962306,2.056308063272584,2.1253665769647053e-08,7.408442966463286e-10,9.663466599473272e-12
