event_index,numero,distance,skewness,area_of_the_energy_parabola,energy_max,Impulsion
1198,1198,116.23508656984066,1.1310148187957494,1.9156571459478415e-11,4.4189999938700637e-13,6.531156079238793e-15
