event_index,numero,distance,skewness,area_of_the_energy_parabola,energy_max,Impulsion
1569,1569,111.93499484197568,0.9419631856378639,1.9881525578782082e-11,7.893523094897971e-13,2.3954308560308756e-14
