event_index,numero,distance,skewness,area_of_the_energy_parabola,energy_max,Impulsion
430,430,254.6493872781354,1.0592542842581254,5.638688553214997e-07,1.2957488272432366e-08,3.061302927110809e-10
