event_index,numero,distance,skewness,area_of_the_energy_parabola,energy_max,Impulsion
536,536,521.4368630640553,0.9608555922489136,2.9719837608976453e-09,4.6445414527903656e-11,6.969882966938066e-13
