event_index,numero,distance,skewness,area_of_the_energy_parabola,energy_max,Impulsion
1558,1558,89.80315124331935,0.8447146029604604,3.0073509116603157e-10,9.118794889443271e-12,4.835678762584474e-13
