event_index,numero,distance,skewness,area_of_the_energy_parabola,energy_max,Impulsion
838,838,52.55130559535924,2.200811679297374,6.888655612816461e-06,1.9456954156351922e-07,8.865562219766107e-09
