event_index,numero,distance,skewness,area_of_the_energy_parabola,energy_max,Impulsion
1372,1372,112.10451907796654,1.2426764262074907,2.4349942617406635e-13,5.3487427244267834e-15,9.181219500099889e-17
