event_index,numero,distance,skewness,area_of_the_energy_parabola,energy_max,Impulsion
1174,1174,55.10308787901963,0.9663752389687167,1.6121123516762195e-11,5.367260524533757e-13,2.5765889531154296e-14
