event_index,numero,distance,skewness,area_of_the_energy_parabola,energy_max,Impulsion
1542,1542,117.91417242420634,0.9103626206696881,1.745795915229595e-11,4.247979432663416e-13,8.700776006972585e-15
