event_index,numero,distance,skewness,area_of_the_energy_parabola,energy_max,Impulsion
172,172,108.15967777032212,1.1128115306001696,3.5482551948024364e-05,1.3494053583330719e-06,5.9542761569686434e-08
