event_index,numero,distance,skewness,area_of_the_energy_parabola,energy_max,Impulsion
1487,1487,107.27205933576478,0.274068811866788,1.5422255617618437e-12,3.2164236973010133e-14,5.388309336644359e-16
