event_index,numero,distance,skewness,area_of_the_energy_parabola,energy_max,Impulsion
1903,1903,53.17000717959477,0.9150516409879722,1.841681084293333e-11,5.610978215881884e-13,2.1782780322414395e-14
