event_index,numero,distance,skewness,area_of_the_energy_parabola,energy_max,Impulsion
925,925,242.6726185187106,1.0528880872256807,9.868247060791932e-07,2.7024753121398733e-08,5.860666437972535e-10
