event_index,numero,distance,skewness,area_of_the_energy_parabola,energy_max,Impulsion,Signal duration
1982,1982,53.840416165766555,1.404200019842266,1.5477729760839275e-07,5.86895000583311e-09,1.8121469330123964e-10,104.0
