event_index,numero,distance,skewness,area_of_the_energy_parabola,energy_max,Impulsion
1535,1535,106.46590441587296,0.9118569435849335,1.118662158167653e-11,2.5065748243286593e-13,3.3128819376862733e-15
