event_index,numero,distance,skewness,area_of_the_energy_parabola,energy_max,Impulsion
694,694,510.82145543312413,1.3267356640005568,6.806569600885463e-09,1.0636580649387182e-10,1.218740028309847e-12
