event_index,numero,distance,skewness,area_of_the_energy_parabola,energy_max,Impulsion
1853,1853,187.99910320325426,2.41750233039997,8.94606383617059e-12,1.7979429644028066e-13,1.913939714543776e-15
