event_index,numero,distance,skewness,area_of_the_energy_parabola,energy_max,Impulsion
597,597,138.88173193332548,1.2343823960367528,2.2591838722978797e-06,1.0736111008966603e-07,4.033032705418669e-09
