event_index,numero,distance,skewness,area_of_the_energy_parabola,energy_max,Impulsion
703,703,170.47428538032048,1.1276196884021321,1.3946093958804074e-07,2.694486026684314e-09,6.223148158525005e-11
