event_index,numero,distance,skewness,area_of_the_energy_parabola,energy_max,Impulsion,Durée du signal
1183,1183,39.17300836969558,0.8731045974413305,2.23941033431792e-08,1.0677057604687614e-09,6.469952862972154e-11,62.0
