event_index,numero,distance,skewness,area_of_the_energy_parabola,energy_max,Impulsion
1757,1757,106.83682064932043,1.3873505118896834,2.813502946423851e-11,7.123251231339112e-13,8.235355871951634e-15
