event_index,numero,distance,skewness,area_of_the_energy_parabola,energy_max,Impulsion
1800,1800,117.53109077689206,1.5017686773307053,1.9615344759187416e-11,5.428926281578844e-13,6.517147619594628e-15
