event_index,numero,distance,skewness,area_of_the_energy_parabola,energy_max,Impulsion
1471,1471,101.3573683147595,0.27607448373766014,9.200356235338972e-12,5.298097530853374e-13,3.6942789835422386e-14
