event_index,numero,distance,skewness,area_of_the_energy_parabola,energy_max,Impulsion
1941,1941,108.71452295506232,1.2628918886715719,2.1666702811638807e-11,7.638268226837716e-13,1.1931699578799143e-14
