event_index,numero,distance,skewness,area_of_the_energy_parabola,energy_max,Impulsion
1805,1805,128.86790323951257,1.0117604261016946,1.0462516101353247e-11,2.6005175219353807e-13,3.169108924481001e-15
