event_index,numero,distance,skewness,area_of_the_energy_parabola,energy_max,Impulsion
439,439,239.076815530293,1.0108336053540756,4.1106773258207243e-07,8.28627219189063e-09,1.6974314878623435e-10
