event_index,numero,distance,skewness,area_of_the_energy_parabola,energy_max,Impulsion
615,615,105.09089113968521,0.5041429347374388,2.257224836630665e-12,1.397793125526691e-14,4.217831182581541e-17
