event_index,numero,distance,skewness,area_of_the_energy_parabola,energy_max,Impulsion
1873,1873,54.17928971842437,1.1913260382928288,4.305943052253125e-12,1.4257427533082134e-13,6.7120116375761575e-15
