event_index,numero,distance,skewness,area_of_the_energy_parabola,energy_max,Impulsion,Signal duration
975,975,50.31763493849606,0.8019534564444251,1.6412544825284471e-07,7.426425040327003e-09,4.01124917335063e-10,64.0
