event_index,numero,distance,skewness,area_of_the_energy_parabola,energy_max,Impulsion,Signal duration
1687,1687,95.17471698550263,0.9614153238075531,5.170302981515566e-15,3.573813080830874e-17,1.0534553006445069e-19,330.0
