event_index,numero,distance,skewness,area_of_the_energy_parabola,energy_max,Impulsion,Signal duration
1707,1707,219.38505623310766,1.2079859372940416,7.202743156520049e-10,1.128585154009113e-11,2.6140009425327516e-13,218.0
