event_index,numero,distance,skewness,area_of_the_energy_parabola,energy_max,Impulsion
749,749,364.29175894559796,1.0674206701228799,3.9184057553534395e-09,1.0929146971786808e-10,8.517067580997788e-13
