event_index,numero,distance,skewness,area_of_the_energy_parabola,energy_max,Impulsion
1755,1755,182.27142669964866,2.6497570293862034,2.805919329551203e-12,5.1158973772492384e-14,5.597200439774363e-16
