event_index,numero,distance,skewness,area_of_the_energy_parabola,energy_max,Impulsion,Signal duration
1610,1610,64.62549542961712,2.619545671416564,7.915757527243294e-10,1.5328253646302572e-11,3.1439193995351215e-13,300.0
