event_index,numero,distance,skewness,area_of_the_energy_parabola,energy_max,Impulsion
113,113,284.7287092624257,0.4671069304771481,1.0223289365106896e-07,9.514848093725695e-10,2.5904458994886396e-11
