event_index,numero,distance,skewness,area_of_the_energy_parabola,energy_max,Impulsion
1925,1925,100.4509109158068,0.46437937311615674,1.4587077109931166e-10,2.8697701293177643e-12,1.1266497218338124e-13
