event_index,numero,distance,skewness,area_of_the_energy_parabola,energy_max,Impulsion
1135,1135,104.18956885817786,0.48140051065646516,1.3679357492202297e-11,3.2056460282485863e-13,3.8885843048043165e-15
