event_index,numero,distance,skewness,area_of_the_energy_parabola,energy_max,Impulsion
1770,1770,86.7870077397948,-1.067469827703564,2.878545109692742e-11,1.7507180918711747e-12,9.887221576837655e-14
