event_index,numero,distance,skewness,area_of_the_energy_parabola,energy_max,Impulsion
1171,1171,110.85575498881039,0.13700559782455032,7.846867821493655e-12,1.5034451388221373e-13,2.229958920989428e-15
