event_index,numero,distance,skewness,area_of_the_energy_parabola,energy_max,Impulsion
1114,1114,92.09919098426461,0.5137326005881379,3.861138945680521e-12,1.0119872725985657e-13,2.089875999181689e-15
