event_index,numero,distance,skewness,area_of_the_energy_parabola,energy_max,Impulsion
1762,1762,109.89932561221606,0.8676154291073137,2.5785811326575237e-11,7.060692575412838e-13,2.582463112671343e-14
