event_index,numero,distance,skewness,area_of_the_energy_parabola,energy_max,Impulsion
1302,1302,107.39265777069652,1.0108892025665344,3.794398164284726e-12,9.02560984523897e-14,1.4919021532913682e-15
