event_index,numero,distance,skewness,area_of_the_energy_parabola,energy_max,Impulsion
1368,1368,107.4403006039041,1.31585847046494,1.0636807292053792e-10,3.0472802849437034e-12,3.176843771029625e-14
