event_index,numero,distance,skewness,area_of_the_energy_parabola,energy_max,Impulsion
1682,1682,121.00306407676794,1.7823945169067772,5.4413381214889054e-11,1.6384635604946782e-12,4.5934658366412146e-14
