event_index,numero,distance,skewness,area_of_the_energy_parabola,energy_max,Impulsion
1645,1645,107.49545996130092,0.7555375907266175,6.756369373976473e-12,1.5670472860845666e-13,1.864609766402725e-15
