event_index,numero,distance,skewness,area_of_the_energy_parabola,energy_max,Impulsion
993,993,515.7081440046043,0.5095479286010907,5.986005286694347e-09,8.009330736247738e-11,7.57653830746692e-13
