event_index,numero,distance,skewness,area_of_the_energy_parabola,energy_max,Impulsion
813,813,50.370472391028905,1.5013097773756188,9.986478896415116e-08,3.9848089769577815e-09,2.1413183658294066e-10
