event_index,numero,distance,skewness,area_of_the_energy_parabola,energy_max,Impulsion
2007,2007,95.18374761431697,-0.4443059695377759,2.1128161168557363e-11,1.284599912918324e-12,4.0641160609679264e-14
