event_index,numero,distance,skewness,area_of_the_energy_parabola,energy_max,Impulsion
1128,1128,110.15477385509635,1.597866193054447,3.064162849697723e-13,7.904118034237343e-15,1.7169823060571007e-16
