event_index,numero,distance,skewness,area_of_the_energy_parabola,energy_max,Impulsion
50,50,86.01823602989502,1.194804575908962,8.168970534565538e-06,3.149054684388414e-07,1.5297101444090378e-08
