event_index,numero,distance,skewness,area_of_the_energy_parabola,energy_max,Impulsion
1629,1629,128.674646004499,1.4114131899421416,3.5338093961935627e-12,9.437609656305939e-14,2.4922697328190944e-15
