event_index,numero,distance,skewness,area_of_the_energy_parabola,energy_max,Impulsion
1292,1292,129.94361491085334,1.5019675056846038,6.640423272863794e-13,2.261523736024173e-14,4.542128113486251e-16
