event_index,numero,distance,skewness,area_of_the_energy_parabola,energy_max,Impulsion
1880,1880,47.717232987756155,1.0357069256174904,2.5123974469020196e-11,8.351420840342021e-13,4.037514253838692e-14
