event_index,numero,distance,skewness,area_of_the_energy_parabola,energy_max,Impulsion
2023,2023,105.73678365137846,0.8566614040368642,7.1312223349054734e-12,1.389563823062619e-13,1.3518950344281059e-15
