event_index,numero,distance,skewness,area_of_the_energy_parabola,energy_max,Impulsion
666,666,19.82928761767534,1.5093272526249937,7.367316617760649e-09,1.575065148116129e-10,3.9149419001880024e-12
