event_index,numero,distance,skewness,area_of_the_energy_parabola,energy_max,Impulsion
807,807,456.4314751684562,1.6829323796528282,1.0507033539961296e-08,2.6791416817278225e-10,1.7255594569995513e-12
