event_index,numero,distance,skewness,area_of_the_energy_parabola,energy_max,Impulsion
1294,1294,109.2398149131463,0.9829116449893341,2.0827360533474712e-11,4.759445954953618e-13,1.1620706705809679e-14
