event_index,numero,distance,skewness,area_of_the_energy_parabola,energy_max,Impulsion
791,791,409.7913089184889,0.31402300862026367,3.372333779174692e-08,6.077592886849408e-10,8.745612245216081e-12
