event_index,numero,distance,skewness,area_of_the_energy_parabola,energy_max,Impulsion
1494,1494,117.78791744964748,1.4729013054443363,1.1844334881801848e-12,3.46400664652834e-14,4.618011091386502e-16
