event_index,numero,distance,skewness,area_of_the_energy_parabola,energy_max,Impulsion
1024,1024,125.85360944917275,0.7966890469080853,1.551012516348165e-11,2.8758928716691413e-13,3.1576523331208966e-15
