event_index,numero,distance,skewness,area_of_the_energy_parabola,energy_max,Impulsion
336,336,379.3867870030748,0.6573559828904224,1.7012895682000394e-10,9.491987921415192e-12,3.190793787004706e-13
