event_index,numero,distance,skewness,area_of_the_energy_parabola,energy_max,Impulsion
1359,1359,126.81364586818245,0.5621213845294804,1.6704531873499522e-12,3.345259182460997e-14,7.189020116603745e-16
