event_index,numero,distance,skewness,area_of_the_energy_parabola,energy_max,Impulsion
1117,1117,184.08732202592626,1.6376176764392758,4.315260730247852e-11,7.025510957937688e-13,7.775763556052281e-15
