event_index,numero,distance,skewness,area_of_the_energy_parabola,energy_max,Impulsion
1861,1861,108.14800694898128,1.3233515078727713,7.484937693521307e-11,2.2334539184562866e-12,3.936144624184029e-14
