event_index,numero,distance,skewness,area_of_the_energy_parabola,energy_max,Impulsion
1662,1662,109.4185911492645,0.5612366812901033,1.6898670369998575e-11,3.598238194054421e-13,9.363739812396284e-15
