event_index,numero,distance,skewness,area_of_the_energy_parabola,energy_max,Impulsion
1965,1965,179.01169475703207,2.134110371340919,5.245663284585999e-11,1.118503579721757e-12,1.8298468461320818e-14
