event_index,numero,distance,skewness,area_of_the_energy_parabola,energy_max,Impulsion
1774,1774,96.25732867553862,-0.2562227030514755,3.1319638439715287e-11,1.8545261153332495e-12,1.2264371329536934e-13
