event_index,numero,distance,skewness,area_of_the_energy_parabola,energy_max,Impulsion
1342,1342,106.60357522718955,1.406394301226666,1.1558081624932158e-11,3.230314413901348e-13,3.579908976971179e-15
