event_index,numero,distance,skewness,area_of_the_energy_parabola,energy_max,Impulsion
1083,1083,170.90836630321462,0.6360671388295329,7.234816858368341e-10,2.1877176027219074e-11,8.113343655670148e-13
