event_index,numero,distance,skewness,area_of_the_energy_parabola,energy_max,Impulsion
230,230,46.845647421653965,0.7833758460726096,1.5122436775749873e-05,6.974966694856611e-07,3.346888654729209e-08
