event_index,numero,distance,skewness,area_of_the_energy_parabola,energy_max,Impulsion
1659,1659,50.56097491423924,0.9681342325270164,1.701669168473427e-11,5.835978849981823e-13,2.7269793377310337e-14
