event_index,numero,distance,skewness,area_of_the_energy_parabola,energy_max,Impulsion
1269,1269,99.0177525063803,1.8885598542090631,2.288264874254229e-10,7.916751280239434e-12,8.403367431670211e-14
