event_index,numero,distance,skewness,area_of_the_energy_parabola,energy_max,Impulsion
1577,1577,177.68807680484883,1.2661424984544636,1.3418386666670392e-12,1.6812480873856592e-14,1.5900294376966375e-16
