event_index,numero,distance,skewness,area_of_the_energy_parabola,energy_max,Impulsion
455,455,196.2069245057889,0.6725334664532145,2.5343807755578446e-05,3.9301937142120524e-07,8.1255591035355e-09
