event_index,numero,distance,skewness,area_of_the_energy_parabola,energy_max,Impulsion
1449,1449,105.03529500978841,1.1526366231563794,4.199092743131152e-12,1.302610252527161e-13,2.3267090625261524e-15
