event_index,numero,distance,skewness,area_of_the_energy_parabola,energy_max,Impulsion
768,768,396.09781349987225,1.55676945303377,7.650357911604721e-09,1.8793008615564574e-10,3.3194825603236593e-12
