event_index,numero,distance,skewness,area_of_the_energy_parabola,energy_max,Impulsion
1831,1831,53.34836522986845,1.106787254291069,1.8742481857450297e-11,6.484321064906669e-13,3.0479375210522103e-14
