event_index,numero,distance,skewness,area_of_the_energy_parabola,energy_max,Impulsion
1370,1370,165.90362430112404,2.2934557365821178,1.952705506882447e-12,3.2493540759439526e-14,3.273718647932566e-16
