event_index,numero,distance,skewness,area_of_the_energy_parabola,energy_max,Impulsion
37,37,309.30633757890485,1.4187093716134873,1.5492274128595948e-10,2.414286566509906e-12,5.510975825709605e-14
