event_index,numero,distance,skewness,area_of_the_energy_parabola,energy_max,Impulsion
1377,1377,100.54455439532725,1.0573026725027823,1.642697721998709e-11,4.0111870209286087e-13,5.02405892868159e-15
