event_index,numero,distance,skewness,area_of_the_energy_parabola,energy_max,Impulsion
1775,1775,84.85799023782901,-1.1435676612470083,3.512451032302672e-11,2.1131449465392327e-12,1.3639283333862184e-13
