event_index,numero,distance,skewness,area_of_the_energy_parabola,energy_max,Impulsion,Signal duration
1285,1285,110.14313441084022,1.2924792192774879,1.2983933743670778e-08,4.842395544262865e-10,1.7899608032688072e-11,92.0
