event_index,numero,distance,skewness,area_of_the_energy_parabola,energy_max,Impulsion
960,960,358.1812652106185,0.9152940559527493,2.914653333992013e-18,2.1515316579571415e-20,2.077833079819048e-22
