event_index,numero,distance,skewness,area_of_the_energy_parabola,energy_max,Impulsion
1459,1459,97.74028927175414,-0.1687662845907512,1.9266795888621627e-11,1.1588667928257311e-12,5.2694266187599387e-14
