event_index,numero,distance,skewness,area_of_the_energy_parabola,energy_max,Impulsion
1326,1326,10.250315222228197,0.21484774271622703,5.8491336023978075e-09,3.3016114442344437e-10,2.253289479466225e-11
