event_index,numero,distance,skewness,area_of_the_energy_parabola,energy_max,Impulsion
249,249,263.9307260140348,1.5170506730727333,2.620619491974418e-06,9.610933647704671e-08,1.890506123093424e-09
