event_index,numero,distance,skewness,area_of_the_energy_parabola,energy_max,Impulsion
1111,1111,109.95558216836108,0.8803879469285023,1.725672793557887e-11,4.3631395379377264e-13,1.0413736263714062e-14
