event_index,numero,distance,skewness,area_of_the_energy_parabola,energy_max,Impulsion,Durée du signal
724,724,79.22046267271003,0.41910798763265816,2.0851596278256062e-07,6.388245301519514e-09,2.362902444298105e-10,84.0
