event_index,numero,distance,skewness,area_of_the_energy_parabola,energy_max,Impulsion
1889,1889,52.03774764745898,0.8547937440126374,9.64292085811939e-12,3.329517263028341e-13,1.5779400436660402e-14
