event_index,numero,distance,skewness,area_of_the_energy_parabola,energy_max,Impulsion
1673,1673,108.79187970918395,0.34237289292849715,1.719158308747965e-11,4.780528744031995e-13,1.02697659693158e-14
